customer_id,first_name,last_name,email,phone_number,address,city,country,postal_code,loyalty_points
1,Georgie,Deare,gdeare0@boston.com,181-553-9985,84 Westerfield Road,Joroan,Philippines,6007,28
2,Griffin,Chang,gchang1@techcrunch.com,332-373-9529,99805 Ridge Oak Road,Kaji,China,,570
3,Mariellen,Grubey,mgrubey2@ca.gov,194-934-9562,24 Hoffman Junction,Apeldoorn,Netherlands,7329,349
4,Roda,Jedrzaszkiewicz,rjedrzaszkiewicz3@w3.org,205-419-4970,3564 Eastlawn Lane,Stare Miasto,Poland,62-571,753
5,Alec,Claque,aclaque4@thetimes.co.uk,471-517-9620,6000 Algoma Junction,Guadalupe,Philippines,3510,143
6,Tyrus,Bernardt,tbernardt5@1und1.de,663-902-8051,3 Mendota Crossing,Kraton,Indonesia,,27
7,Zahara,Nerney,znerney6@lycos.com,985-453-1231,81 Northfield Circle,Baruta,Venezuela,,746
8,Obediah,Robottom,orobottom7@boston.com,999-675-4527,3 Coleman Plaza,Dolní Počernice,Czech Republic,190 12,10
9,Marmaduke,Coules,mcoules8@paypal.com,258-195-1366,06 Bartelt Center,Paris 09,France,75439 CEDEX 09,163
10,Kellen,Zanicchi,kzanicchi9@nifty.com,237-896-2468,88 Green Ridge Lane,Anfeng,China,,182
11,Kara,Ragate,kragatea@facebook.com,690-709-7714,841 Old Shore Junction,Betio Village,Kiribati,,977
12,Mariya,Balthasar,mbalthasarb@arstechnica.com,403-239-3397,061 Lotheville Park,Kikinda,Serbia,,176
13,Aldridge,Frankis,afrankisc@imdb.com,515-586-4956,48 Waywood Parkway,Duyên Hải,Vietnam,,982
14,Curcio,McMurdo,cmcmurdod@barnesandnoble.com,578-463-0465,2748 5th Drive,Zengtian,China,,63
15,Natividad,Ghirigori,nghirigorie@google.com.hk,479-974-9577,73 Chinook Lane,Jatiprahu,Indonesia,,441
16,Dore,Hanalan,dhanalanf@adobe.com,937-741-6751,429 Butterfield Trail,Kigali,Rwanda,,997
17,Didi,Yushmanov,dyushmanovg@mapy.cz,893-335-7146,10003 Monterey Drive,Chenggang,China,,0
18,Lanie,Corselles,lcorsellesh@toplist.cz,412-892-3430,09 Marquette Way,Koniaków,Poland,43-474,80
19,Keely,Eck,kecki@cmu.edu,499-895-2948,391 Messerschmidt Trail,Żyraków,Poland,39-204,197
20,Bryon,Kenningham,bkenninghamj@wisc.edu,274-295-0764,94379 Briar Crest Street,Novyy Oskol,Russia,309642,58
21,Mahmud,Pond-Jones,mpondjonesk@1688.com,173-404-2892,28 Debs Plaza,Pereira,Portugal,4650-752,80
22,Amby,Thon,athonl@springer.com,981-873-3117,93 Leroy Terrace,Minh Long,Vietnam,,880
23,Marisa,Sullivan,msullivanm@forbes.com,759-476-3023,39172 Schlimgen Junction,Patria,Philippines,2005,454
24,Raimondo,Blundel,rblundeln@meetup.com,918-608-5624,47574 School Point,Vespasiano,Brazil,33200-000,807
25,Abigael,Caudle,acaudleo@github.io,169-273-9168,7557 Orin Circle,Lyon,France,69303 CEDEX 07,699
26,Mehetabel,McNirlin,mmcnirlinp@ucoz.com,970-441-6996,4 Kim Place,Mölndal,Sweden,431 10,531
27,Rayna,McIlraith,rmcilraithq@163.com,476-374-6549,16 Mayer Circle,Capela,Brazil,49700-000,669
28,Nisse,Revening,nreveningr@miitbeian.gov.cn,693-663-7863,1473 Orin Point,Guji,China,,179
29,Buckie,Sire,bsires@salon.com,642-233-9640,31 Hagan Plaza,Daminggong,China,,743
30,Shauna,Sjollema,ssjollemat@house.gov,875-504-4341,1 Lakewood Gardens Place,Quetta,Pakistan,87301,148
31,Myriam,Stang-Gjertsen,mstanggjertsenu@globo.com,311-571-4669,30 Butternut Pass,Lawdar,Yemen,,681
32,Brodie,Meckiff,bmeckiffv@miitbeian.gov.cn,881-302-3617,3493 Fordem Court,Jianshan,China,,354
33,Rossy,Edmondson,redmondsonw@apache.org,685-145-8530,7 Oriole Road,Lac-Brome,Canada,L9G,829
34,Ebonee,McKoy,emckoyx@china.com.cn,745-388-6368,87 Haas Way,Jatisari,Indonesia,,723
35,Ada,Ostler,aostlery@blogs.com,341-222-0151,51 Barby Parkway,Muladbucad,Philippines,1095,332
36,Jerrylee,Baillie,jbailliez@sun.com,400-954-4107,3 Cottonwood Point,Towa,China,,68
37,Elinore,Riddlesden,eriddlesden10@amazonaws.com,573-358-3040,531 Dottie Road,Santa Rita,Paraguay,,773
38,Annelise,Readhead,areadhead11@admin.ch,876-462-6425,679 Randy Avenue,Zinder,Niger,,596
39,Gertrude,Rymmer,grymmer12@discovery.com,509-719-2196,9 Karstens Center,Boliden,Sweden,936 81,373
40,Dorthy,Gowland,dgowland13@oracle.com,445-483-8680,0 Banding Place,Mulan,China,,575
41,Isidore,Vanyarkin,ivanyarkin14@yahoo.co.jp,989-579-8482,14 Raven Trail,El Carmen,Argentina,3190,644
42,Celia,Riddlesden,criddlesden15@ca.gov,495-123-5262,654 Hanson Way,Huangjing,China,,252
43,Willi,Deny,wdeny16@ca.gov,500-511-6519,6 Garrison Lane,Podstepki,Russia,445143,267
44,Ronny,Everley,reverley17@shinystat.com,202-392-0130,4558 Moulton Park,Muktāgācha,Bangladesh,2210,263
45,Ethelin,Gallally,egallally18@furl.net,423-546-7748,35 Bunker Hill Drive,San Nicolas,Philippines,4207,930
46,Maddie,Beert,mbeert19@histats.com,598-712-2498,5 Mccormick Street,Huangjing,China,,38
47,Jandy,Benettelli,jbenettelli1a@ihg.com,497-174-0889,94036 Roth Junction,Reguengos de Monsaraz,Portugal,7200-252,718
48,Hedvige,Havis,hhavis1b@independent.co.uk,999-564-1518,0 Division Court,Nanmuping,China,,462
49,Melesa,Earlam,mearlam1c@360.cn,663-225-9653,92006 Del Mar Park,Cibiru,Indonesia,,410
50,Martino,Braybrooks,mbraybrooks1d@usatoday.com,975-743-9880,8 Thackeray Street,Fatou,China,,628
51,Kylie,Arnaud,karnaud1e@nifty.com,254-851-2522,710 Spenser Plaza,Yutou,China,,786
52,Paulie,Vogel,pvogel1f@paginegialle.it,329-552-5424,54 Shoshone Point,Lamadelaine,Luxembourg,L-4888,225
53,Ysabel,Sall,ysall1g@amazonaws.com,284-979-7618,0 Northfield Trail,Buenaventura,Colombia,764517,413
54,Franklyn,Simakov,fsimakov1h@shinystat.com,116-626-9502,1692 Delaware Hill,Guizi,China,,960
55,Estele,Fields,efields1i@nbcnews.com,971-346-5339,43 Clemons Parkway,Dera Bugti,Pakistan,80100,955
56,Lindie,Blagden,lblagden1j@wunderground.com,560-386-5201,82423 Eggendart Way,Wissous,France,91324 CEDEX,613
57,Edythe,Bierling,ebierling1k@youtube.com,890-512-6552,233 Memorial Way,Julun,China,,456
58,Janessa,Mobley,jmobley1l@usnews.com,852-586-8063,13832 Monica Parkway,Mudon,Myanmar,,381
59,Jorge,Scudamore,jscudamore1m@theglobeandmail.com,927-537-2767,1579 Corry Parkway,Cunha,Brazil,12530-000,272
60,Garrett,Saffrin,gsaffrin1n@blogtalkradio.com,661-791-2601,15495 Victoria Hill,Vargem Grande,Brazil,65430-000,75
61,Chere,de Copeman,cdecopeman1o@com.com,648-619-7530,14 Shasta Hill,Zográfos,Greece,,797
62,Bryanty,Nutbean,bnutbean1p@statcounter.com,173-472-3892,897 Charing Cross Road,Guomaying,China,,840
63,Irving,Fairburn,ifairburn1q@uol.com.br,750-725-8491,86 Spaight Center,Dete,Zimbabwe,,408
64,Cherise,Pochin,cpochin1r@ycombinator.com,519-510-2676,221 Vera Center,Borås,Sweden,501 78,896
65,Lissi,Eva,leva1s@sphinn.com,741-490-1944,85 Oak Valley Junction,Brochów,Poland,05-088,326
66,Julieta,Salling,jsalling1t@bravesites.com,510-471-4389,581 Pearson Park,Mertani,Indonesia,,637
67,Alastair,Guest,aguest1u@pcworld.com,534-378-1007,05 Dixon Avenue,Saint-Claude,France,39209 CEDEX,154
68,Bell,Suthworth,bsuthworth1v@vimeo.com,518-616-7219,8712 Hoffman Center,Albany,United States,12205,748
69,Rosalinda,Ehlerding,rehlerding1w@ameblo.jp,214-406-0889,7 Forest Dale Way,Uppsala,Sweden,751 35,38
70,Timothee,MacConnel,tmacconnel1x@yahoo.co.jp,806-996-4381,94 Paget Crossing,Chanika,Tanzania,,719
71,Arabella,Vayne,avayne1y@edublogs.org,186-300-0752,7 Independence Plaza,Santa Rita Village,Guam,96910,492
72,Fran,Birrell,fbirrell1z@themeforest.net,277-946-8060,011 Lakewood Crossing,Leipsoí,Greece,,907
73,Junie,End,jend20@devhub.com,725-678-1724,5246 Trailsway Court,Amiens,France,80020 CEDEX 9,312
74,Arluene,Vigne,avigne21@miibeian.gov.cn,456-857-6077,82 Clyde Gallagher Point,Shofirkon,Uzbekistan,,805
75,Chalmers,Gawthorp,cgawthorp22@g.co,771-663-3816,44 Nancy Point,Guinabsan,Philippines,4215,442
76,Guthrie,Obray,gobray23@liveinternet.ru,411-498-7026,8 Derek Court,Vinež,Croatia,52220,25
77,Angel,Aloway,aaloway24@phpbb.com,345-332-5439,2128 Logan Center,Mojo,Indonesia,,47
78,Marvin,Zannutti,mzannutti25@samsung.com,698-402-5556,936 Pine View Drive,Mishkino,Russia,453747,922
79,Harlin,Allden,hallden26@macromedia.com,826-481-8764,7891 Badeau Trail,Phon Phisai,Thailand,43120,329
80,Ede,Sisse,esisse27@businessinsider.com,940-527-2672,0 Hoepker Parkway,Denton,United States,76210,896
81,Lisbeth,Servis,lservis28@cam.ac.uk,533-883-7980,0 Hoffman Point,Modřice,Czech Republic,664 42,379
82,Shawn,Feary,sfeary29@narod.ru,453-648-8977,53 Burning Wood Terrace,Pindi Bhattiān,Pakistan,52181,797
83,Shayna,Parnall,sparnall2a@umich.edu,344-409-3278,6313 Fordem Way,Atlantis,South Africa,7358,653
84,Lind,Alessandrelli,lalessandrelli2b@mail.ru,289-779-8879,0220 Carioca Parkway,Boa Esperança,Brazil,87390-000,773
85,Violetta,Raison,vraison2c@kickstarter.com,256-916-9125,5 Shopko Drive,Palestina,Philippines,6037,685
86,Chalmers,Sycamore,csycamore2d@indiegogo.com,826-464-1179,704 International Park,Baon,Philippines,2436,791
87,Jenna,Descroix,jdescroix2e@netvibes.com,140-577-0512,424 Lukken Avenue,Utama Wetan,Indonesia,,754
88,Leupold,Egentan,legentan2f@fotki.com,298-179-6109,983 Mcguire Court,Maranganí,Peru,,197
89,Beilul,Savory,bsavory2g@cyberchimps.com,840-358-8433,4614 Starling Pass,Ciawi,Indonesia,,391
90,Pat,Malkie,pmalkie2h@bloglines.com,156-452-0608,9656 Truax Center,Daixi,China,,112
91,Maddie,Dryden,mdryden2i@ox.ac.uk,711-959-6620,1683 Ryan Place,Molepolole,Botswana,,477
92,Harwell,Montague,hmontague2j@reference.com,387-503-3874,669 Roxbury Way,Rathangan,Ireland,A45,412
93,Elka,McKeefry,emckeefry2k@pinterest.com,140-381-9056,04 Hovde Center,Velikovechnoye,Russia,352625,873
94,Meggie,Craddock,mcraddock2l@google.com.hk,887-376-9522,44807 High Crossing Lane,Clisson,France,44194 CEDEX,326
95,Tanhya,McNeillie,tmcneillie2m@goodreads.com,887-243-0536,19942 Barnett Drive,Drien Rampak,Indonesia,,414
96,Eugene,Vegas,evegas2n@wunderground.com,940-846-0195,88 Twin Pines Drive,Batojaran,Indonesia,,974
97,Modesty,Malling,mmalling2o@nydailynews.com,415-740-8121,5611 Main Center,Dimovo,Bulgaria,3759,60
98,Joya,Darko,jdarko2p@list-manage.com,209-246-7467,1 Meadow Valley Point,Mutatá,Colombia,057428,346
99,Bryanty,Rawlyns,brawlyns2q@engadget.com,677-241-7163,946 Monica Circle,Lidingö,Sweden,181 85,248
100,Ingamar,Feather,ifeather2r@cloudflare.com,539-863-7118,43 Lawn Hill,Yinghai,China,,828
101,Karilynn,MacCombe,kmaccombe2s@imdb.com,714-931-2581,86073 Onsgard Circle,Javarthushuu,Mongolia,,424
102,Netty,Kellie,nkellie2t@spiegel.de,821-453-4971,8 Superior Avenue,Dzhalka,Russia,366216,177
103,Almeda,Quartermain,aquartermain2u@biglobe.ne.jp,767-960-2747,9882 Butternut Lane,Pulo,Philippines,1706,94
104,Binni,Lichfield,blichfield2v@github.com,688-283-5174,6 Esch Park,Meshcherino,Russia,142855,93
105,Zora,Lukianov,zlukianov2w@sphinn.com,155-832-4083,3114 Hansons Terrace,Kamenka,Russia,241011,332
106,Orsola,Kitney,okitney2x@chicagotribune.com,264-558-7640,0121 Logan Lane,Baoxing,China,,67
107,Ewell,Rymer,erymer2y@is.gd,500-332-0805,54045 Canary Point,Dacun,China,,610
108,Ashien,Antonelli,aantonelli2z@imdb.com,110-796-2793,919 Transport Drive,Kirovgrad,Russia,624144,50
109,Hamil,Camamill,hcamamill30@imageshack.us,911-159-0904,71 Golden Leaf Parkway,Demir Hisar,Macedonia,7240,184
110,Lesya,Daton,ldaton31@homestead.com,865-624-7603,4573 Arrowood Alley,Pokotylivka,Ukraine,,851
111,Joseito,Gretham,jgretham32@paginegialle.it,923-986-2227,8964 Continental Court,Kowala,Poland,26-680,733
112,Leonid,Guierre,lguierre33@smh.com.au,243-148-5447,66 Center Court,Sofo-Birnin-Gwari,Nigeria,,908
113,Worthy,Lyddiard,wlyddiard34@vistaprint.com,514-485-1418,7 Laurel Point,Zarya,Ukraine,,142
114,Cheri,Treverton,ctreverton35@eepurl.com,786-835-5455,90 Rieder Court,Yanggu’ao,China,,318
115,Jerrilyn,Feyer,jfeyer36@tumblr.com,783-982-1722,174 Eastlawn Drive,Cengjia,China,,139
116,Rooney,Durtnel,rdurtnel37@marriott.com,695-954-3307,3 Mcguire Street,Juvisy-sur-Orge,France,91265 CEDEX,983
117,Hermine,Sharples,hsharples38@home.pl,191-294-5244,592 Dunning Plaza,Bay Roberts,Canada,V3B,776
118,Marty,Degoy,mdegoy39@bandcamp.com,534-121-2294,9537 Bartelt Terrace,Detik Satu,Indonesia,,787
119,Janos,Wyeth,jwyeth3a@bizjournals.com,192-174-2112,58751 Warner Lane,Manjing,China,,446
120,Andrey,Wegman,awegman3b@storify.com,827-848-2806,31660 Fordem Terrace,Lamawalang,Indonesia,,98
121,Ernaline,Hearns,ehearns3c@printfriendly.com,524-147-0743,55728 Pepper Wood Way,Arys,Kazakhstan,,107
122,Elvyn,Nother,enother3d@purevolume.com,531-307-9242,88 Onsgard Plaza,Panjāb,Afghanistan,,990
123,Hieronymus,Kolodziejski,hkolodziejski3e@bloglovin.com,757-182-8019,6 Hoffman Lane,Manassas,United States,22111,361
124,Clo,Sommerfeld,csommerfeld3f@ask.com,878-198-5853,99428 Mallard Drive,Macroom,Ireland,P12,935
125,Peirce,Saich,psaich3g@mapquest.com,247-102-5119,1 Crowley Crossing,Brazzaville,Republic of the Congo,,703
126,David,Veljes,dveljes3h@com.com,793-264-5459,261 Valley Edge Junction,Västerås,Sweden,721 57,532
127,Far,Evamy,fevamy3i@cbsnews.com,271-833-7601,5283 Ramsey Alley,Dunkerque,France,59376 CEDEX 1,495
128,Caspar,Scutchin,cscutchin3j@squarespace.com,481-436-7315,947 Park Meadow Lane,Białobrzegi,Poland,37-114,861
129,Vinson,Ivanov,vivanov3k@sina.com.cn,245-379-8471,75938 Fordem Pass,Jiangyou,China,,830
130,Arv,Sporrij,asporrij3l@mozilla.com,599-660-8285,786 Johnson Road,Tupã,Brazil,17600-000,45
131,Kat,Simants,ksimants3m@dmoz.org,795-424-9946,85154 Donald Crossing,Skövde,Sweden,541 45,472
132,Cyril,Bourrel,cbourrel3n@state.gov,455-390-5465,8 Hoard Court,Góis,Portugal,3330-304,842
133,Bentley,Peyton,bpeyton3o@tinyurl.com,809-498-0579,8 Lakewood Parkway,Yinxi,China,,39
134,Aldo,Piel,apiel3p@printfriendly.com,713-782-2434,27494 Crownhardt Circle,Raşad,Yemen,,943
135,Edithe,MacKill,emackill3q@odnoklassniki.ru,593-955-3677,2407 Evergreen Crossing,Santa Rosa,Brazil,98900-000,724
136,Jodie,Terlinden,jterlinden3r@boston.com,848-308-7677,746 Golden Leaf Way,Quatá,Brazil,19780-000,764
137,Rana,Varey,rvarey3s@infoseek.co.jp,340-423-6534,828 5th Parkway,Qacha’s Nek,Lesotho,,553
138,Raff,Rembrant,rrembrant3t@cornell.edu,861-862-0994,13240 Westerfield Pass,Zhushan,China,,111
139,Mohandis,Dugald,mdugald3u@prweb.com,484-256-1838,78 Lien Alley,McKinley,Philippines,6214,227
140,Julita,Hevey,jhevey3v@hhs.gov,666-291-8462,631 Toban Center,Bente,Indonesia,,556
141,Herc,Parres,hparres3w@cbsnews.com,751-206-2496,685 Utah Parkway,Beau Vallon,Seychelles,,475
142,Vasili,Gitsham,vgitsham3x@usa.gov,600-374-0407,5215 Luster Crossing,Fukuyama,Japan,999-8241,86
143,Christi,Ribeiro,cribeiro3y@wordpress.org,913-761-3241,3405 Hoffman Road,Quince Mil,Peru,,577
144,Arty,Shillabeer,ashillabeer3z@europa.eu,385-814-3744,61648 Grayhawk Circle,Gueset,Philippines,2436,202
145,Iago,Epps,iepps40@multiply.com,202-653-0017,31599 Ruskin Plaza,Kalasin,Thailand,46000,435
146,Oswell,Aindriu,oaindriu41@wordpress.org,352-856-8017,291 Fuller Pass,Bindura,Zimbabwe,,337
147,Margeaux,Crawcour,mcrawcour42@histats.com,643-463-3270,74963 Crescent Oaks Trail,Lisovi Sorochyntsi,Ukraine,,804
148,Hakeem,O'Halligan,hohalligan43@cnet.com,270-714-3735,9778 Buhler Circle,Beaumont,Ireland,D17,740
149,Kalvin,Saenz,ksaenz44@myspace.com,359-658-6143,2 Eastlawn Terrace,Kuching,Malaysia,93762,874
150,Cassi,Gage,cgage45@pcworld.com,929-802-3671,268 Schlimgen Alley,Kabalen,Philippines,9505,129
151,Hervey,Spinola,hspinola46@creativecommons.org,194-385-1078,7015 Bunting Circle,Perosinho,Portugal,4415-005,945
152,Towney,Tschirasche,ttschirasche47@cbslocal.com,886-462-1460,03142 Pleasure Avenue,Vinhedo,Brazil,13280-000,492
153,Brannon,Connerly,bconnerly48@elegantthemes.com,964-454-3475,4 Loftsgordon Parkway,Chone,Ecuador,,106
154,Gayleen,Casaccio,gcasaccio49@google.es,779-313-6308,88721 Monterey Point,Victoria,Chile,,485
155,Lynsey,Van der Velde,lvandervelde4a@yellowpages.com,643-303-7054,4 Warrior Center,Sunzhuang,China,,993
156,Erv,Glewe,eglewe4b@tiny.cc,817-142-9399,27539 Badeau Point,Pereiros,Portugal,3040-723,839
157,Gael,Capelow,gcapelow4c@comcast.net,738-515-0684,5 Beilfuss Drive,Suzano,Brazil,08600-000,518
158,Casar,Peres,cperes4d@theglobeandmail.com,402-893-0797,4207 Starling Plaza,Caoyan,China,,499
159,Camel,Flintoft,cflintoft4e@tinyurl.com,875-519-8849,0725 Red Cloud Circle,Niihama,Japan,595-0814,520
160,Chantalle,Meldrum,cmeldrum4f@bizjournals.com,782-663-4107,455 Monica Plaza,Norashen,Armenia,,953
161,Kean,Vanyashkin,kvanyashkin4g@hhs.gov,935-974-6984,0 Kinsman Junction,Studénka,Czech Republic,742 13,728
162,Morganica,Surcombe,msurcombe4h@unblog.fr,632-456-6065,13942 Crownhardt Road,Poykovskiy,Russia,140231,14
163,Frederique,Pillinger,fpillinger4i@vkontakte.ru,142-260-4121,5244 Bobwhite Lane,Bašaid,Serbia,,678
164,Jeremie,Rookesby,jrookesby4j@elpais.com,355-295-9832,1844 Rusk Terrace,Yangzi,China,,459
165,Ruthe,Ackenhead,rackenhead4k@yellowpages.com,102-464-7206,995 Novick Point,La Sierpe,Cuba,,592
166,Adaline,Crowcroft,acrowcroft4l@typepad.com,835-461-4164,86 Moland Court,Butwāl,Nepal,,967
167,Eduard,Burle,eburle4m@usgs.gov,112-448-0244,0 Surrey Point,Luisiana,Philippines,4032,198
168,Hilary,Coad,hcoad4n@rakuten.co.jp,490-406-4869,4966 Blackbird Pass,Herzliya Pituah,Israel,,520
169,Alejoa,Zealy,azealy4o@loc.gov,729-329-8584,99053 Riverside Avenue,Portel,Portugal,7220-357,786
170,Billie,Bilbie,bbilbie4p@smh.com.au,652-751-0967,811 Bluestem Lane,El Ángel,Ecuador,,129
171,Abel,Tomaschke,atomaschke4q@sphinn.com,915-667-9327,8 Gina Trail,Gråbo,Sweden,443 14,538
172,Garvey,De Meis,gdemeis4r@blinklist.com,733-873-3657,77 Spenser Park,San Mariano,Philippines,3332,406
173,Ricki,Summerill,rsummerill4s@xing.com,967-415-1985,6 Darwin Way,Kurgan,Russia,640961,76
174,Stacee,Heathcott,sheathcott4t@ning.com,925-981-8117,162 Forster Center,Beaung Tengah,Indonesia,,875
175,Ada,Mussotti,amussotti4u@taobao.com,413-467-1100,18 Washington Hill,Seixo da Beira,Portugal,3405-425,650
176,Chantal,Ineson,cineson4v@scientificamerican.com,303-879-1481,1779 Cody Circle,Oelaba,Indonesia,,73
177,Catharine,Exeter,cexeter4w@cmu.edu,545-683-4335,33 Shelley Junction,Maubin,Myanmar,,107
178,Jo,Ryton,jryton4x@reference.com,739-108-6786,815 Alpine Plaza,Piracanjuba,Brazil,75640-000,372
179,Eduardo,Worlock,eworlock4y@psu.edu,811-671-0201,7 Hayes Pass,Tecka,Argentina,9201,964
180,Ivar,Gerritzen,igerritzen4z@google.cn,133-381-3773,516 Green Ridge Drive,Na Khu,Thailand,70170,547
181,Cherlyn,Halliberton,challiberton50@vimeo.com,671-147-8245,950 Macpherson Hill,Krajan Caluk,Indonesia,,702
182,Manfred,Orae,morae51@google.pl,107-307-4997,6738 Eggendart Park,Gao’an,China,,110
183,Jannelle,Roddam,jroddam52@marketwatch.com,954-362-7417,9 Texas Circle,Chalan Pago-Ordot Village,Guam,96931,908
184,Fallon,Meatcher,fmeatcher53@people.com.cn,938-621-9331,51877 Grasskamp Avenue,Brocēni,Latvia,,307
185,Jasen,Buxsey,jbuxsey54@etsy.com,443-451-1323,15598 John Wall Circle,Annapolis,United States,21405,452
186,Kimberli,Gurling,kgurling55@deliciousdays.com,926-353-3786,91631 Luster Terrace,Malkā,Jordan,,8
187,Eustace,Stanbury,estanbury56@myspace.com,859-196-6135,5114 Russell Drive,Paris 19,France,75929 CEDEX 19,28
188,Mabelle,Worsley,mworsley57@flickr.com,392-172-4788,644 Mosinee Crossing,København,Denmark,1068,97
189,Christin,McGinty,cmcginty58@squidoo.com,809-572-1696,4602 Stang Alley,Niepos,Peru,,584
190,Corinne,O' Hanvey,cohanvey59@homestead.com,510-947-3399,5 Kingsford Park,Pepe,Indonesia,,692
191,Frances,Bunston,fbunston5a@godaddy.com,692-192-4216,03 Vahlen Park,Lameira,Portugal,4990-670,161
192,Trudie,Satchell,tsatchell5b@seattletimes.com,973-856-1320,46 Pearson Terrace,Sandaoba,China,,100
193,Bat,Verlander,bverlander5c@go.com,188-685-0885,504 Moose Circle,Juradó,Colombia,276019,482
194,Junie,Tchaikovsky,jtchaikovsky5d@mozilla.com,797-406-1939,25 Clarendon Plaza,Zeist,Netherlands,3709,330
195,Fey,Birchenhead,fbirchenhead5e@dell.com,718-751-8434,151 Paget Park,Ajoyani,Peru,,597
196,Kori,Eliassen,keliassen5f@cisco.com,235-638-6078,60691 Kenwood Circle,Malinovskiy,Russia,628251,87
197,Codee,Finch,cfinch5g@example.com,211-352-9283,2 Calypso Terrace,Sandakan,Malaysia,90705,706
198,Malvin,Ropkes,mropkes5h@independent.co.uk,236-555-8655,49 Aberg Junction,Zimovniki,Russia,347460,444
199,Fifine,De Giorgi,fdegiorgi5i@printfriendly.com,936-330-0389,964 Aberg Terrace,Dédougou,Burkina Faso,,837
200,Sauncho,Epdell,sepdell5j@unesco.org,503-724-0453,47 Barby Plaza,Paraíso,Costa Rica,30201,924
201,Gavra,Cridlin,gcridlin5k@bravesites.com,319-569-9393,08 Lillian Pass,Yekaterinovka,Russia,692974,696
202,Amalea,McGilvra,amcgilvra5l@statcounter.com,512-464-9401,46593 Coolidge Pass,Tangkil,Indonesia,,681
203,Rivi,Father,rfather5m@mac.com,935-529-4053,9128 Dixon Center,Thị Trấn Tam Điệp,Vietnam,,161
204,Cilka,Libby,clibby5n@ftc.gov,143-467-4321,53 Erie Road,Lapi,Philippines,5307,125
205,Adella,Hevey,ahevey5o@cbsnews.com,154-601-5809,24018 2nd Crossing,Takikawa,Japan,503-0625,218
206,Beau,Fannin,bfannin5p@walmart.com,133-398-5974,1650 Valley Edge Crossing,Ust’-Donetskiy,Russia,346550,76
207,Filberto,Pettiford,fpettiford5q@homestead.com,578-458-2654,94792 Sutherland Place,Alacaygan,Philippines,1212,280
208,Mitchel,Wickrath,mwickrath5r@economist.com,809-640-9153,984 Canary Park,Wangcun,China,,123
209,Leigh,Decreuze,ldecreuze5s@nasa.gov,989-483-7496,104 Springs Point,Bobota,Croatia,32225,699
210,Kalindi,Shew,kshew5t@1und1.de,728-131-8402,1128 Buell Junction,Guatimozín,Argentina,2625,767
211,Jolyn,Hache,jhache5u@usnews.com,295-521-6760,20 Mosinee Lane,Slobozia,Moldova,MD-4233,193
212,Sharon,Tomala,stomala5v@sciencedaily.com,917-336-4625,64 Colorado Crossing,La Seyne-sur-Mer,France,83514 CEDEX,266
213,Susie,Vossgen,svossgen5w@usa.gov,250-768-2223,7 Truax Point,Pedro Leopoldo,Brazil,33600-000,521
214,Aldin,Yerby,ayerby5x@nydailynews.com,273-685-4958,29 Northridge Point,Bentar,Indonesia,,235
215,Cobbie,Higgan,chiggan5y@bluehost.com,711-291-2305,91330 Forest Dale Terrace,Xinbao,China,,186
216,Lodovico,Tullis,ltullis5z@pinterest.com,456-450-5162,50792 Arizona Alley,Cinagrog Girang,Indonesia,,169
217,Blinnie,Haseman,bhaseman60@nasa.gov,466-674-9841,317 Michigan Circle,Huze,China,,250
218,Cairistiona,Speedin,cspeedin61@amazon.co.uk,913-554-2365,8 Mandrake Drive,Hanušovice,Czech Republic,788 33,837
219,Clair,Taggett,ctaggett62@washingtonpost.com,327-791-7818,41939 Nelson Point,Noda,Japan,999-3775,864
220,Nicholas,Kurth,nkurth63@alibaba.com,304-647-1283,24469 Atwood Lane,Charleston,United States,25362,912
221,Melloney,Sandiford,msandiford64@trellian.com,437-478-8728,36 Judy Pass,Filipstad,Sweden,682 33,34
222,Trstram,Lewing,tlewing65@thetimes.co.uk,202-221-3607,35 Vahlen Parkway,Eenhana,Namibia,,373
223,Lesly,Lacroix,llacroix66@odnoklassniki.ru,190-147-6960,16 Namekagon Way,Vyshneve,Ukraine,,21
224,Alisha,Sedcole,asedcole67@themeforest.net,473-114-3129,901 Manley Court,Shimen,China,,560
225,Teresa,Savoury,tsavoury68@blog.com,254-648-5572,9325 Sundown Pass,Beit Jann,Israel,,471
226,Urson,Sproat,usproat69@printfriendly.com,569-135-4829,707 Clemons Lane,Hongshi,China,,915
227,Frank,Biesterfeld,fbiesterfeld6a@nifty.com,410-544-9847,97 Utah Road,Jenang Selatan,Indonesia,,666
228,Claudius,Vasyutkin,cvasyutkin6b@washington.edu,499-179-3897,259 Fordem Point,Bankim,Cameroon,,855
229,Gui,Lotte,glotte6c@google.co.uk,458-275-6696,6123 Vahlen Plaza,Badar,Russia,665212,923
230,Sayre,Derrett,sderrett6d@ustream.tv,735-375-3310,21341 Mockingbird Terrace,Potchefstroom,South Africa,2538,452
231,Roda,Chapellow,rchapellow6e@theglobeandmail.com,650-210-9245,00 Lake View Parkway,Zhongyuan,China,,598
232,Carolina,Fuzzard,cfuzzard6f@ning.com,996-265-9959,45 Melrose Avenue,Xichuan,China,,60
233,Aurthur,Bastone,abastone6g@baidu.com,507-164-6427,93 Ohio Way,Folques,Portugal,3300-265,613
234,Hildegarde,Argyle,hargyle6h@acquirethisname.com,930-238-9648,270 Pennsylvania Terrace,Saint-Malo,France,35409 CEDEX,978
235,Hermie,Ede,hede6i@ning.com,665-697-6451,2957 Montana Court,Jiading,China,,990
236,Gerladina,Jost,gjost6j@illinois.edu,636-890-7588,94923 Calypso Hill,Chengbei,China,,181
237,Carr,Duthy,cduthy6k@wisc.edu,224-155-3968,730 Anderson Place,Jongīyeh,Iran,,842
238,Darb,Siman,dsiman6l@google.cn,545-734-1209,41618 Crescent Oaks Avenue,Barlinek,Poland,74-320,476
239,Maryanne,Vann,mvann6m@webs.com,914-519-7982,3904 Hauk Parkway,Hövsan,Azerbaijan,,780
240,Fawnia,Rosenzveig,frosenzveig6n@printfriendly.com,136-145-1543,3 Acker Parkway,Khon Buri,Thailand,30250,349
241,Tamra,Vedenyapin,tvedenyapin6o@sina.com.cn,234-410-9644,07 Esch Court,Kiloloran,Philippines,1535,854
242,Mallory,Cardenoso,mcardenoso6p@amazon.de,683-307-5702,2 Banding Pass,Mikrókampos,Greece,,563
243,Hyacinthie,Feary,hfeary6q@washingtonpost.com,266-528-8785,89 Rieder Place,Bafoulabé,Mali,,118
244,Seana,Donohue,sdonohue6r@github.com,309-408-6319,92046 Delaware Lane,Catalão,Brazil,75700-000,504
245,Olivette,Grimster,ogrimster6s@xing.com,775-421-6855,84 Bay Alley,Ashmūn,Egypt,,418
246,Rene,Richard,rrichard6t@is.gd,399-380-7902,3177 Meadow Vale Pass,Karangboyo,Indonesia,,70
247,Bartram,De Vile,bdevile6u@techcrunch.com,573-582-1957,22 Montana Road,Kristianstad,Sweden,291 36,814
248,Eleonora,Benedek,ebenedek6v@java.com,357-575-4487,358 Rusk Avenue,Banjar Swastika,Indonesia,,474
249,Helaina,Woolhouse,hwoolhouse6w@ox.ac.uk,834-626-7161,2585 Bultman Lane,Duqu,China,,456
250,Adelice,Extal,aextal6x@gmpg.org,711-407-2474,689 American Ash Street,Rokitno Szlacheckie,Poland,42-454,232
251,Gabriell,Rabbitts,grabbitts6y@chronoengine.com,825-189-8757,01 High Crossing Pass,Młynary,Poland,14-420,785
252,Corrie,Higginbottam,chigginbottam6z@pbs.org,852-312-3660,978 Waywood Drive,Nyimba,Zambia,,357
253,Dionne,Ravenshaw,dravenshaw70@behance.net,211-929-1917,528 Duke Plaza,Beitan,China,,745
254,Jinny,Halshaw,jhalshaw71@spiegel.de,436-494-7013,041 Forest Run Center,Don Chedi,Thailand,72170,124
255,Anabelle,Lantiffe,alantiffe72@vk.com,518-323-9609,9 Scott Center,Albany,United States,12210,953
256,Ailina,Filson,afilson73@uol.com.br,650-586-9685,8 Ramsey Center,Wajak,Indonesia,,194
257,Salaidh,Catton,scatton74@hibu.com,289-325-6659,86 Stoughton Trail,Alilem,Philippines,2716,523
258,Bartholomeo,Kelledy,bkelledy75@naver.com,347-483-7770,4 Mayfield Parkway,Ostaszewo,Poland,82-112,822
259,Elicia,Abramamovh,eabramamovh76@storify.com,321-495-5038,5173 Warner Street,Orlando,United States,32835,911
260,Ranique,Raynton,rraynton77@fda.gov,666-589-7350,1 Tennessee Way,Darma,Indonesia,,681
261,Darby,Dorward,ddorward78@imageshack.us,292-802-5472,569 Alpine Hill,Saint John,Malta,ZTN,814
262,Valeda,Settle,vsettle79@sun.com,844-319-6473,2844 Russell Center,Ganyan,China,,975
263,Giavani,Howitt,ghowitt7a@ucsd.edu,424-369-6022,3009 Buell Pass,Mueang Nonthaburi,Thailand,11120,381
264,Anet,Yonge,ayonge7b@csmonitor.com,823-879-5746,26590 Dryden Parkway,Huabu,China,,825
265,Calvin,Theobalds,ctheobalds7c@admin.ch,579-413-1229,21215 Kipling Avenue,Greater Napanee,Canada,K7R,39
266,Nonie,Keeble,nkeeble7d@tmall.com,904-681-6233,10380 Vernon Street,Achada,Portugal,9630-015,613
267,Nero,Tessyman,ntessyman7e@irs.gov,513-264-8904,85041 Hovde Lane,Huyuan,China,,531
268,Trefor,Thomke,tthomke7f@epa.gov,399-480-6279,17625 Esker Junction,Chambar,Pakistan,35401,892
269,Kurt,Blaxland,kblaxland7g@craigslist.org,251-808-7201,0 Duke Hill,Koten,Indonesia,,795
270,Letisha,Sibbons,lsibbons7h@cbc.ca,940-658-3016,25 Fulton Center,Maharagama,Sri Lanka,10280,130
271,Edin,Fleischmann,efleischmann7i@rambler.ru,203-318-0850,8 3rd Avenue,Rejasa Kaja,Indonesia,,485
272,Augustine,Baumler,abaumler7j@shop-pro.jp,500-551-4582,51 Sachs Circle,Valladolid,Spain,47071,769
273,Huntington,Peatheyjohns,hpeatheyjohns7k@jigsy.com,972-680-8489,976 Lien Drive,Rybarzowice,Poland,43-378,697
274,Carolin,McNeely,cmcneely7l@e-recht24.de,269-387-1900,7957 Lunder Trail,Sinjār,Syria,,599
275,Alison,Kerby,akerby7m@furl.net,725-889-2562,09476 Gulseth Road,Texistepeque,El Salvador,,171
276,Bentlee,Greser,bgreser7n@boston.com,364-459-6442,64 Victoria Drive,East End,United Kingdom,BH21,508
277,Chic,Cammoile,ccammoile7o@amazon.de,332-722-2835,9 Eastlawn Hill,Kanal,Slovenia,5213,320
278,Charin,Rubenczyk,crubenczyk7p@harvard.edu,129-986-3652,8 Daystar Trail,Salwá,Kuwait,,460
279,Isa,Hundley,ihundley7q@seattletimes.com,903-728-5330,30 Anhalt Circle,Sukadana,Indonesia,,5
280,Adan,Kienl,akienl7r@1688.com,670-671-8659,71811 Raven Drive,Abidjan,Ivory Coast,,874
281,Jacky,Braksper,jbraksper7s@nps.gov,482-189-3795,569 Sullivan Hill,São Bento,Brazil,58865-000,833
282,Darcy,Costelloe,dcostelloe7t@hatena.ne.jp,192-573-6668,63218 Tomscot Plaza,Guacara,Venezuela,,774
283,Zola,Byrcher,zbyrcher7u@nbcnews.com,213-873-9995,44179 Loftsgordon Court,Sapol,Philippines,5200,401
284,Adena,Doick,adoick7v@google.co.jp,440-581-7338,46 Fairfield Point,Fuan,Indonesia,,363
285,Tybi,Thunnerclef,tthunnerclef7w@wsj.com,260-870-7473,2084 Harbort Circle,Strasbourg,France,67953 CEDEX 9,411
286,Cornie,Frigot,cfrigot7x@wunderground.com,807-394-2868,324 Carpenter Street,Qiryat Motzkin,Israel,,489
287,Cass,Tarquini,ctarquini7y@php.net,280-587-1376,15480 Redwing Circle,Vale Maceiras,Portugal,7460-204,565
288,Aimee,Charle,acharle7z@joomla.org,306-655-7618,58764 Northwestern Avenue,Kolobovo,Russia,155933,431
289,Cody,Motten,cmotten80@hao123.com,594-551-1012,1760 Fremont Point,Tianzhen,China,,346
290,Aristotle,Klimt,aklimt81@un.org,502-721-9178,07461 Debs Alley,Partille,Sweden,433 84,577
291,Dotti,Pesek,dpesek82@nih.gov,816-878-6888,41201 Bowman Trail,Žatec,Czech Republic,588 62,595
292,Murvyn,Siemons,msiemons83@ycombinator.com,974-247-8152,2 Pennsylvania Lane,Iwatsuki,Japan,339-0061,330
293,Nonnah,Snaden,nsnaden84@phoca.cz,128-503-1810,1325 Lukken Point,Jaguaruana,Brazil,62823-000,46
294,Amalee,Posvner,aposvner85@wisc.edu,963-822-8687,3228 Lakeland Drive,Bogovarovo,Russia,157780,711
295,Briano,Shreve,bshreve86@eventbrite.com,880-571-9967,808 Old Shore Drive,Farafenni,Gambia,,841
296,Alano,Sutherel,asutherel87@fotki.com,909-190-1123,50 Stang Avenue,Pámfylla,Greece,,497
297,Nathanael,Physick,nphysick88@shop-pro.jp,131-766-8774,7806 7th Park,Aga,Philippines,3505,221
298,Stephan,Sartin,ssartin89@phoca.cz,845-281-2554,03198 Monument Lane,Sidowayah Lor,Indonesia,,631
299,Maressa,Fessions,mfessions8a@dot.gov,409-192-5495,3 Russell Trail,Nürnberg,Germany,90480,198
300,Matthiew,Widdowfield,mwiddowfield8b@nih.gov,302-345-5827,6 Declaration Road,Wilmington,United States,19805,606
301,Sherwood,Bodicum,sbodicum8c@edublogs.org,117-661-5624,92 Hoepker Road,Viljoenskroon,South Africa,9521,23
302,Jackie,Gantlett,jgantlett8d@vistaprint.com,689-160-2884,994 Crowley Trail,Bulri,Pakistan,47361,277
303,Xenia,Simeone,xsimeone8e@wired.com,760-252-4150,2 Elka Point,Cisaat,Indonesia,,59
304,Clim,Belmont,cbelmont8f@istockphoto.com,638-415-9027,373 Holmberg Trail,Pitomača,Croatia,33405,149
305,Tessie,Meiningen,tmeiningen8g@canalblog.com,698-208-9214,00000 Manitowish Point,Yawata,Japan,961-0406,431
306,Alecia,Fone,afone8h@walmart.com,927-353-8300,33015 Loeprich Parkway,Säffle,Sweden,661 42,168
307,Carlynn,Sheasby,csheasby8i@geocities.jp,359-390-9690,45782 Brickson Park Parkway,Sumberrojokrajan,Indonesia,,66
308,Marsiella,Arnson,marnson8j@independent.co.uk,850-174-0050,376 2nd Crossing,Shezhu,China,,494
309,Brennan,Mohammed,bmohammed8k@altervista.org,804-958-8703,3635 Esch Street,Almere Haven,Netherlands,1360,720
310,Muffin,Alywen,malywen8l@fotki.com,727-447-0599,515 Ohio Center,Saint Petersburg,United States,33715,409
311,Gabe,Letham,gletham8m@japanpost.jp,822-503-9189,3 Porter Terrace,Ijuw,Nauru,,922
312,Elisabeth,Lawther,elawther8n@delicious.com,415-703-8015,73940 Autumn Leaf Circle,Lagoaça,Portugal,5180-205,861
313,Giffard,Symmers,gsymmers8o@tumblr.com,205-332-6065,9 Nelson Junction,Birmingham,United States,35290,530
314,Willette,Boseley,wboseley8p@deviantart.com,640-924-3378,2 Bartelt Street,Longzhong,China,,644
315,Rina,Bernetti,rbernetti8q@kickstarter.com,296-700-4893,845 Tony Circle,Dorogobuzh,Russia,307602,695
316,Theresina,Viles,tviles8r@edublogs.org,991-793-8661,254 6th Junction,Yangdian,China,,141
317,Cathyleen,Rheam,crheam8s@homestead.com,904-707-3265,7 Sloan Plaza,Issad,Russia,187453,960
318,Trace,Bertomieu,tbertomieu8t@archive.org,152-905-6322,65 Petterle Road,Shemonaīkha,Kazakhstan,,481
319,Brigid,Glossop,bglossop8u@walmart.com,558-531-0242,76102 Coolidge Point,Al Funayţīs,Kuwait,,491
320,Hunt,Gun,hgun8v@hubpages.com,876-813-9896,4 Clyde Gallagher Terrace,Capitán Bermúdez,Argentina,2156,546
321,Giralda,Mcsarry,gmcsarry8w@sciencedaily.com,960-650-0964,22947 Moulton Street,Okhtyrka,Ukraine,,675
322,Darrick,Pomeroy,dpomeroy8x@mtv.com,231-453-3007,299 Fairfield Crossing,Xiongguan,China,,448
323,Orran,Comsty,ocomsty8y@alibaba.com,786-370-1473,0 Michigan Way,Miami,United States,33196,817
324,Tani,Hacun,thacun8z@ft.com,968-740-9934,685 Kedzie Plaza,Toungo,Nigeria,,113
325,Melisande,Shawley,mshawley90@narod.ru,756-573-9734,7 Troy Street,Xaçmaz,Azerbaijan,,749
326,Inez,De Lacey,idelacey91@macromedia.com,996-162-5287,67 Sugar Circle,Mozzozzin Sur,Philippines,6326,287
327,Moses,Curror,mcurror92@instagram.com,500-619-3655,10649 Badeau Hill,Retkovci,Croatia,32282,881
328,Lorianna,MacGiolla Pheadair,lmacgiollapheadair93@slate.com,776-830-8280,54 La Follette Drive,Sidomulyo,Indonesia,,151
329,Terese,Le Provest,tleprovest94@themeforest.net,756-380-0429,867 Judy Place,Mingyu,China,,199
330,Sheelagh,Clamp,sclamp95@canalblog.com,870-820-1214,183 Waubesa Avenue,Huangbei,China,,75
331,Pebrook,Gras,pgras96@alibaba.com,692-965-7050,1618 Straubel Road,Pa Tio,Thailand,35150,91
332,Cletus,Chiswell,cchiswell97@mashable.com,324-707-8334,461 Amoth Park,Korotych,Ukraine,,566
333,Lisette,Bendtsen,lbendtsen98@hhs.gov,405-767-6248,92551 Ruskin Point,Khatsyezhyna,Belarus,,680
334,Ronica,Mutlow,rmutlow99@nhs.uk,459-448-8570,44 Orin Terrace,Pukë,Albania,,149
335,Taryn,Rangeley,trangeley9a@php.net,314-420-9611,5 Blackbird Alley,Aibura,Indonesia,,641
336,Merry,De Gowe,mdegowe9b@mail.ru,590-182-2552,414 Gale Avenue,Ono,Japan,989-1505,274
337,Bert,Ciric,bciric9c@livejournal.com,193-162-1579,5 Heffernan Circle,Mandi Bahāuddīn,Pakistan,50470,542
338,Valentijn,Jezard,vjezard9d@npr.org,396-898-7304,52626 Forster Drive,Xinqiao,China,,385
339,Royall,Casiero,rcasiero9e@jiathis.com,857-323-8738,1302 Fairview Pass,Gaojimiao,China,,880
340,Lanie,Taborre,ltaborre9f@about.me,843-400-9642,1 Fuller Pass,Croix,France,59967 CEDEX,824
341,Wendi,Vitler,wvitler9g@bloglovin.com,131-125-0661,30441 Clarendon Place,Nsanje,Malawi,,443
342,Guenna,Rabbitts,grabbitts9h@merriam-webster.com,468-903-9340,43 Fallview Alley,Hŭngju-dong,North Korea,,22
343,Cornela,Brunstan,cbrunstan9i@nsw.gov.au,591-862-7584,2459 Thackeray Place,Pujilí,Ecuador,,49
344,Elliott,Marritt,emarritt9j@e-recht24.de,776-628-1768,19 Delladonna Point,Edson,Canada,T7E,111
345,Harris,Woolhouse,hwoolhouse9k@imdb.com,512-353-0344,9 Forster Point,Faratsiho,Madagascar,,25
346,Hedi,Blaschek,hblaschek9l@umich.edu,161-332-9382,530 Sage Center,Ōzu,Japan,869-1237,824
347,Forster,Hallifax,fhallifax9m@hud.gov,685-413-4134,4312 Golden Leaf Lane,Owase,Japan,519-3674,177
348,Kris,Wyllcock,kwyllcock9n@friendfeed.com,175-477-1530,053 Dottie Terrace,San Luis,Argentina,5209,722
349,Monica,Duckers,mduckers9o@netscape.com,910-274-7811,64368 Londonderry Circle,Chancay,Peru,,537
350,Nate,Uridge,nuridge9p@si.edu,286-452-2621,319 Sommers Alley,Cournon-d'Auvergne,France,63804 CEDEX,389
351,Myrle,Ox,mox9q@typepad.com,404-125-3526,1677 Green Alley,Täby,Sweden,183 83,997
352,Ginevra,Kalb,gkalb9r@businessweek.com,992-856-4673,48 Columbus Trail,Obubra,Nigeria,,80
353,Jo,Fallen,jfallen9s@google.es,325-989-2667,6 Miller Terrace,Lodwar,Kenya,,101
354,Jemmie,Castagne,jcastagne9t@1und1.de,297-848-4492,56 Glacier Hill Alley,Changsha,China,,885
355,Lindi,Twamley,ltwamley9u@yellowpages.com,423-504-1988,8013 Dennis Park,Johnson City,United States,37605,436
356,Karel,Southeran,ksoutheran9v@china.com.cn,471-893-1062,11932 Carberry Way,Illintsi,Ukraine,,229
357,Guillema,Hiseman,ghiseman9w@unc.edu,739-405-1025,73372 2nd Road,Shichuan,China,,803
358,Manuel,Murt,mmurt9x@goodreads.com,156-606-6149,1 Vermont Trail,Paris 13,France,75706 CEDEX 13,313
359,Berton,Brookfield,bbrookfield9y@so-net.ne.jp,338-439-6579,4 Iowa Pass,Yuncheng,China,,279
360,Margit,Salzberg,msalzberg9z@ucoz.ru,372-588-7898,8614 Kipling Center,Tuanshansi,China,,348
361,Benoite,Losano,blosanoa0@bravesites.com,241-622-9712,6649 Moulton Lane,Simabur,Indonesia,,486
362,Seana,O'Hagerty,sohagertya1@webeden.co.uk,987-826-7965,27602 Emmet Alley,Jiangpu,China,,387
363,Falkner,Feldhammer,ffeldhammera2@google.com,422-536-8571,360 Dovetail Center,Bandarbeyla,Somalia,,906
364,Jacob,Bronot,jbronota3@webnode.com,995-221-0446,64149 Cherokee Pass,Banyliv,Ukraine,,884
365,Titos,Vatini,tvatinia4@bing.com,206-335-6787,1508 Gateway Way,Krajan Puru,Indonesia,,482
366,Vale,Edelston,vedelstona5@g.co,323-863-7121,269 Forest Alley,Colombes,France,92709 CEDEX,430
367,Torr,O'Lenane,tolenanea6@blogspot.com,752-543-3990,8878 Evergreen Park,Willowdale,Canada,M3H,981
368,Adelaide,Hoonahan,ahoonahana7@dell.com,996-872-3075,788 Arkansas Pass,Zhendeqiao,China,,433
369,Brigitta,Sillito,bsillitoa8@google.com.hk,797-710-9721,971 Stang Place,Qui Nhon,Vietnam,,757
370,Mariam,Fridlington,mfridlingtona9@eventbrite.com,804-772-0081,90 Schmedeman Crossing,Balyqshy,Kazakhstan,,775
371,Webster,Lawrey,wlawreyaa@springer.com,313-946-6616,45 Briar Crest Park,Vodnyy,Russia,169336,96
372,Terry,Giffaut,tgiffautab@auda.org.au,286-746-7229,805 Fisk Point,Szczytno,Poland,12-102,850
373,Willabella,Leatt,wleattac@icio.us,871-790-2086,41 Del Mar Terrace,Zlín,Czech Republic,760 01,890
374,Arthur,Ferrone,aferronead@eepurl.com,276-393-3430,0211 Coolidge Court,Chuquitira,Peru,,93
375,Kati,Palmby,kpalmbyae@gravatar.com,198-450-0932,4622 Clarendon Junction,Phra Pradaeng,Thailand,10130,499
376,Yolande,Beese,ybeeseaf@eventbrite.com,434-329-8390,317 Atwood Court,Busay,Philippines,1556,751
377,Vlad,Livett,vlivettag@booking.com,691-664-1555,305 Westend Way,Hrotovice,Czech Republic,675 55,600
378,Wallie,Licciardiello,wlicciardielloah@ocn.ne.jp,456-751-7561,18318 Monterey Junction,San Borja,Bolivia,,909
379,Shela,Ankers,sankersai@europa.eu,228-200-3554,680 Ohio Avenue,Tazemmourt,Morocco,,378
380,Daryl,Clear,dclearaj@liveinternet.ru,328-300-2179,81 Rowland Parkway,Putat Lor,Indonesia,,270
381,Quentin,McGillreich,qmcgillreichak@delicious.com,746-454-7476,09972 Badeau Park,Mierzęcice,Poland,42-460,502
382,Lotta,Hamson,lhamsonal@imageshack.us,270-293-6811,941 Mallard Way,Jacareí,Brazil,12300-000,450
383,Lionel,Gallen,lgallenam@xrea.com,707-649-1953,0949 Haas Avenue,Mont-Saint-Hilaire,Canada,J3H,875
384,Towney,Fawssett,tfawssettan@columbia.edu,940-122-9389,0774 Packers Point,Villa Consuelo,Dominican Republic,10309,108
385,Janos,Sherewood,jsherewoodao@oakley.com,543-525-8501,82228 Paget Plaza,Charikar,Afghanistan,,192
386,Roxy,Daunter,rdaunterap@nyu.edu,329-402-4053,3090 Coolidge Drive,Sydney,Australia,1206,667
387,Minor,Guillerman,mguillermanaq@wiley.com,121-823-6189,50 Sunfield Pass,Feodosiya,Ukraine,,442
388,Emmalynn,Gordge,egordgear@linkedin.com,241-401-3682,4 Forest Run Parkway,Werangere,Indonesia,,471
389,Carol,Attride,cattrideas@netvibes.com,986-101-1000,2 Lakewood Gardens Junction,Buluangan,Philippines,1479,189
390,Devlin,Manshaw,dmanshawat@toplist.cz,400-674-5738,792 Bluejay Drive,Hetoudian,China,,511
391,Blondelle,Sickamore,bsickamoreau@weibo.com,849-594-6179,1807 Mendota Plaza,Le Havre,France,76600,758
392,Rosie,Rablan,rrablanav@seattletimes.com,124-329-4466,9640 Mitchell Circle,Souziqiu,China,,173
393,Nahum,Lennie,nlennieaw@unicef.org,436-302-6150,78839 Ridge Oak Crossing,Daxing,China,,724
394,Bourke,Mapples,bmapplesax@businessweek.com,435-820-2598,32080 Schurz Parkway,Chunmuying,China,,176
395,Carmelia,Fraine,cfraineay@samsung.com,500-784-6161,394 6th Pass,Borlänge,Sweden,784 55,138
396,El,MacElroy,emacelroyaz@technorati.com,308-837-4583,5614 Hansons Street,Komorniki,Poland,62-056,566
397,Raoul,Bartunek,rbartunekb0@amazon.co.uk,840-856-4447,1130 Bluejay Junction,Fushun,China,,894
398,Humfrey,McTeer,hmcteerb1@amazon.co.uk,461-886-5852,851 Duke Avenue,Manna,Indonesia,,549
399,Consuelo,Terren,cterrenb2@weather.com,588-324-5248,386 Forest Run Crossing,São Pedro,Portugal,4830-264,691
400,Ingrid,Kirgan,ikirganb3@fda.gov,323-401-2479,82560 Hanson Lane,Gongli,China,,108
401,Olivier,Caro,ocarob4@so-net.ne.jp,271-110-8692,2937 Colorado Avenue,Arbais,Indonesia,,257
402,Lissy,Farnin,lfarninb5@networksolutions.com,552-922-4528,4235 Waxwing Drive,Majan,Indonesia,,561
403,Diannne,Faber,dfaberb6@bigcartel.com,694-914-6467,2 Grasskamp Lane,Merefa,Ukraine,,818
404,Paton,Capron,pcapronb7@homestead.com,593-313-8681,2 Canary Pass,General Enrique Mosconi,Argentina,3636,613
405,Abdul,Poynor,apoynorb8@oracle.com,335-537-7445,9668 Ridge Oak Plaza,Gaoqiao,China,,255
406,Daile,Blanque,dblanqueb9@google.es,333-685-6596,2 Starling Road,Puji,China,,338
407,Bennett,Gregoretti,bgregorettiba@patch.com,106-877-9799,92622 Dayton Street,Shazi,China,,496
408,Terence,Razoux,trazouxbb@paypal.com,339-656-6683,12 John Wall Circle,Muyi,China,,485
409,Beatriz,Canfield,bcanfieldbc@freewebs.com,814-862-1514,053 Eastlawn Alley,Obiliq,Kosovo,,927
410,Gena,Fyfield,gfyfieldbd@telegraph.co.uk,714-730-0734,4545 Kropf Drive,Kahuripan,Indonesia,,399
411,Kain,Govier,kgovierbe@drupal.org,587-662-8393,34 Coleman Court,Funchalinho,Portugal,2825-106,212
412,Kylila,Datte,kdattebf@elpais.com,618-482-5331,7 Dunning Terrace,Kerrobert,Canada,T1P,840
413,Web,Stanistrete,wstanistretebg@bbb.org,134-211-1360,0576 Meadow Vale Hill,Lota,Chile,,920
414,Findley,Macro,fmacrobh@soup.io,602-762-8170,3488 Monument Street,Neuilly-sur-Marne,France,93335 CEDEX,829
415,Edgar,Vynoll,evynollbi@cloudflare.com,941-453-7523,90242 Magdeline Terrace,Datong,China,,347
416,Amargo,Candie,acandiebj@clickbank.net,825-947-7803,80 Crest Line Place,Suqin Huimin,China,,275
417,Cam,Turneaux,cturneauxbk@cmu.edu,754-753-7322,4196 Lakeland Park,Maloye Verevo,Russia,188354,736
418,Candice,Brandi,cbrandibl@examiner.com,450-639-1444,136 North Alley,Fengshan,China,,599
419,Kiersten,Chestle,kchestlebm@about.com,847-124-4175,16 Havey Point,Ob’,Russia,633104,392
420,Thorstein,Mather,tmatherbn@hexun.com,107-864-0374,75206 Kinsman Circle,Hujiaying,China,,126
421,Meg,Pitcaithly,mpitcaithlybo@devhub.com,685-392-8199,711 Sauthoff Junction,Dagsar,China,,3
422,Sofie,Waison,swaisonbp@hc360.com,752-506-5401,1 Hagan Alley,Villa Bustos,Argentina,5164,955
423,Theodore,Myatt,tmyattbq@shareasale.com,567-956-1239,08 Schlimgen Place,Vinha,Portugal,4615-131,58
424,Claudian,Swindell,cswindellbr@rediff.com,431-791-6481,0654 Warrior Trail,Qing’an,China,,752
425,Maye,Stepney,mstepneybs@forbes.com,781-223-1377,52071 Independence Pass,Pujiang,China,,154
426,Matthiew,MacKey,mmackeybt@nydailynews.com,232-128-0471,64727 Corry Circle,Shardara,Kazakhstan,,922
427,Brandtr,Sealand,bsealandbu@webnode.com,149-869-5936,2029 New Castle Circle,Tingzhou,China,,523
428,Damon,Duchant,dduchantbv@sourceforge.net,385-184-8190,8 Forest Street,Soure,Brazil,68870-000,582
429,Violet,Grabiec,vgrabiecbw@wunderground.com,104-311-0099,52637 Cody Alley,Calabugao,Philippines,2721,841
430,Ferguson,Alekseev,falekseevbx@google.ca,749-306-9537,9106 Butternut Junction,Wufeng,China,,338
431,Carmen,Chamberlaine,cchamberlaineby@narod.ru,572-291-7269,2169 Sycamore Way,Huai Yot,Thailand,92130,818
432,Barb,Brayson,bbraysonbz@walmart.com,680-920-6426,17 Riverside Lane,Hengfan,China,,456
433,Gill,Leuren,gleurenc0@latimes.com,684-792-4312,71578 Montana Court,San Pablo,Venezuela,,89
434,York,Abeau,yabeauc1@bravesites.com,272-377-2702,1 Hagan Pass,Huiwan,China,,754
435,Carlee,Leport,cleportc2@bluehost.com,748-872-6251,2 Continental Plaza,Mora,Sweden,792 34,525
436,Katheryn,Matterface,kmatterfacec3@apple.com,930-721-7923,6 Westport Plaza,Cunday,Colombia,734048,30
437,Hillier,Heymes,hheymesc4@pcworld.com,461-710-2391,03462 Iowa Lane,Nāḩiyat as Sab‘ Biyār,Syria,,207
438,Ted,Dorot,tdorotc5@wikipedia.org,306-525-7389,1665 Kinsman Hill,Richmond,South Africa,7090,450
439,Libbi,Kos,lkosc6@dell.com,552-311-9513,4977 Commercial Plaza,Asprángeloi,Greece,,695
440,Arni,Ivic,aivicc7@ycombinator.com,827-472-7680,5 Oriole Hill,Kadusimbar,Indonesia,,862
441,Huntley,Waddams,hwaddamsc8@freewebs.com,598-874-5592,1708 Onsgard Avenue,Wangmeng,China,,419
442,Debor,Bonnell,dbonnellc9@goo.ne.jp,723-647-9259,99849 Gina Pass,Lý Sơn,Vietnam,,136
443,Osbourn,Webberley,owebberleyca@devhub.com,406-851-3775,6 Russell Place,Chom Bueng,Thailand,70150,450
444,Pall,Huggons,phuggonscb@oracle.com,642-189-2906,8 Fair Oaks Lane,Matalam,Philippines,9406,660
445,Sophia,Mepham,smephamcc@dmoz.org,524-853-1754,887 Bellgrove Road,Bello,Colombia,051059,256
446,Kim,Gelardi,kgelardicd@ucoz.ru,171-494-8176,2 Clarendon Parkway,Reggio Calabria,Italy,89129,211
447,Lotta,Guidelli,lguidellice@mysql.com,330-997-2763,900 Buell Street,Kauman,Indonesia,,686
448,Janeva,Jockle,jjocklecf@wisc.edu,153-331-3714,731 Twin Pines Plaza,Talawakele,Sri Lanka,22100,11
449,Pearline,MacNeely,pmacneelycg@admin.ch,102-611-5595,7 Sachs Point,Vilar do Monte,Portugal,4750-789,205
450,Renard,Bakeup,rbakeupch@ezinearticles.com,975-462-3482,0 Forest Run Plaza,Hele,China,,840
451,Auberon,Dutt,aduttci@nifty.com,179-901-2148,0 Maryland Place,Ibadan,Nigeria,,22
452,Blinnie,Drackford,bdrackfordcj@mozilla.com,640-351-4009,6064 American Ash Circle,Yihe,China,,223
453,Pippy,Lowbridge,plowbridgeck@utexas.edu,359-375-9667,5185 Main Place,Lagny-sur-Marne,France,77404 CEDEX,618
454,Benni,Buick,bbuickcl@tinyurl.com,349-326-7281,88850 Roth Way,Yulin,China,,238
455,Nils,Oldam,noldamcm@purevolume.com,978-201-7157,8 Marquette Terrace,‘Uzeir,Israel,,576
456,West,Tregenna,wtregennacn@cyberchimps.com,629-501-2568,33549 Tony Place,Saint-Étienne,France,42963 CEDEX 9,175
457,Elisabet,Raithby,eraithbyco@si.edu,962-726-7874,8694 Corry Pass,Panadtaban,Philippines,9404,120
458,Nealon,Danelut,ndanelutcp@123-reg.co.uk,445-814-8686,698 Farragut Pass,Gaoguan,China,,243
459,Glad,Outlaw,goutlawcq@deliciousdays.com,191-306-9469,6 Del Mar Pass,Janowiec,Poland,24-123,857
460,Rhodia,Staggs,rstaggscr@netlog.com,613-317-0677,3 Meadow Ridge Avenue,Tim,Russia,399710,123
461,Ely,Rodden,eroddencs@i2i.jp,837-342-9750,1 Annamark Lane,Pathein,Myanmar,,764
462,Lucila,Leile,lleilect@tinypic.com,309-907-0171,08361 Dennis Lane,Rosh Ha‘Ayin,Israel,,968
463,Melodie,Georgiades,mgeorgiadescu@house.gov,241-199-2281,4760 Stoughton Court,Šid,Serbia,,737
464,Morganica,Shemelt,mshemeltcv@si.edu,250-530-0239,1 Welch Street,Careva Ćuprija,Bosnia and Herzegovina,,613
465,Siegfried,Arnfield,sarnfieldcw@creativecommons.org,868-347-8044,3 Holy Cross Lane,Bueng Kan,Thailand,34140,226
466,Essa,Wollard,ewollardcx@cnet.com,880-564-7061,2 Sunbrook Circle,Cavinti,Philippines,4013,517
467,Sebastien,Patmore,spatmorecy@a8.net,685-221-1024,84 Nova Road,Esposende,Portugal,4740-010,470
468,Marinna,Burree,mburreecz@google.it,447-971-2328,2 Hollow Ridge Avenue,Heshi,China,,717
469,Bernita,Abbots,babbotsd0@myspace.com,323-549-6269,549 Emmet Point,Várzea da Serra,Portugal,3610-193,505
470,Hortensia,Bakhrushkin,hbakhrushkind1@ucla.edu,996-296-9314,532 Anhalt Circle,Kendalngupuk,Indonesia,,700
471,Cammy,Kewley,ckewleyd2@lulu.com,350-624-6974,05 Loeprich Street,Xinglong,China,,580
472,Mariam,Grisbrook,mgrisbrookd3@toplist.cz,272-364-0389,3932 Mallard Parkway,Włosienica,Poland,32-642,434
473,Granthem,Johantges,gjohantgesd4@scribd.com,729-947-6730,541 Westerfield Terrace,Kolodeznyy,Russia,396340,943
474,Elsy,Ashbee,eashbeed5@surveymonkey.com,496-305-6850,6 Stone Corner Street,Olkusz,Poland,32-305,135
475,Clarette,Lippiatt,clippiattd6@ted.com,415-678-2803,8008 Gulseth Trail,Setúbal,Portugal,2900-005,481
476,Alice,Chyuerton,achyuertond7@uiuc.edu,346-615-9155,4043 Buhler Hill,Limoeiro do Norte,Brazil,62930-000,426
477,Olivette,Treby,otrebyd8@reuters.com,510-417-5995,4943 Kingsford Hill,Đắk Song,Vietnam,,901
478,Reba,Vaneev,rvaneevd9@gmpg.org,338-861-1862,0 Texas Street,Maykor,Russia,619184,873
479,Lowrance,Teaze,lteazeda@barnesandnoble.com,620-123-6290,789 Ridge Oak Lane,Ar Riqāmā,Syria,,329
480,Freddie,Munnings,fmunningsdb@nhs.uk,567-606-7785,1 Grasskamp Drive,Peras Ruivas,Portugal,2435-585,526
481,Jay,Mirfin,jmirfindc@php.net,667-852-8726,6 Arkansas Crossing,Liuge,China,,155
482,Basilius,Challenor,bchallenordd@time.com,101-198-5284,407 Elmside Trail,Jablah,Syria,,353
483,Ronny,Eliasson,reliassonde@prnewswire.com,849-716-1298,69870 Stuart Lane,Castelo,Portugal,4640-221,97
484,Felicdad,Whitley,fwhitleydf@fda.gov,766-902-4071,97720 New Castle Drive,Fukadale,Indonesia,,139
485,Dewey,Maryin,dmaryindg@shinystat.com,305-488-3388,0 Cody Road,Perbaungan,Indonesia,,695
486,Thane,Storrah,tstorrahdh@goodreads.com,231-797-3248,4 Jenifer Plaza,Huata,Peru,,585
487,Trace,Gilluley,tgilluleydi@example.com,194-437-4741,5 Summerview Crossing,Putun,Indonesia,,211
488,Ronna,Matejovsky,rmatejovskydj@shinystat.com,815-993-5802,6122 Donald Crossing,Mirkovci,Croatia,32100,586
489,Cariotta,Wondraschek,cwondraschekdk@java.com,228-772-4851,62367 Walton Crossing,Biloxi,United States,39534,630
490,Kris,Chadbourn,kchadbourndl@mozilla.org,527-373-2072,13 Schlimgen Court,Chengbei,China,,255
491,Ly,Geldard,lgeldarddm@webs.com,344-807-5307,5 Everett Junction,Megalochórion,Greece,,314
492,Tildy,Kmicicki,tkmicickidn@fema.gov,343-783-6266,517 Brown Way,Passo,Indonesia,,953
493,Manuel,Rothert,mrothertdo@army.mil,621-982-6844,52 Crowley Road,Liwonde,Malawi,,434
494,Cassandra,Rymell,crymelldp@smh.com.au,119-774-7544,776 Leroy Way,Chlumec nad Cidlinou,Czech Republic,503 51,637
495,Kari,Findlay,kfindlaydq@sciencedirect.com,646-225-6469,6746 Victoria Junction,Shimen,China,,900
496,Dulsea,Fagan,dfagandr@sourceforge.net,514-935-0969,2 Westport Way,Ålesund,Norway,6015,868
497,Kimmi,Henstone,khenstoneds@google.ru,914-640-4891,806 Johnson Place,Louis Trichardt,South Africa,0960,986
498,Vaughn,Beckenham,vbeckenhamdt@marketwatch.com,773-798-0011,4609 Caliangt Alley,Chicago,United States,60657,892
499,Kent,Rummin,krummindu@people.com.cn,522-962-1549,2224 Scott Lane,Waitakere,New Zealand,0782,83
500,Cam,Dorset,cdorsetdv@cdbaby.com,925-358-1695,429 Bashford Way,Kawage,Japan,519-0142,17
501,Rod,Popworth,rpopworthdw@technorati.com,408-460-8575,61884 Monument Lane,Tselinnoye,Russia,659430,975
502,Binny,O'Doherty,bodohertydx@lycos.com,644-171-8278,0 Westerfield Lane,Wuyun,China,,309
503,Rhianna,Haken,rhakendy@slate.com,813-215-9209,32757 Sutteridge Terrace,Alverca do Ribatejo,Portugal,2615-009,777
504,Benito,Adhams,badhamsdz@patch.com,153-813-4369,57 Dunning Drive,Khiv,Russia,368692,237
505,Haroun,Gamon,hgamone0@eepurl.com,530-927-6359,6991 Anniversary Trail,Kalān Deh,Afghanistan,,729
506,Dione,Spawton,dspawtone1@salon.com,883-603-0494,0655 Mitchell Circle,Ōmachi,Japan,399-8604,332
507,Elwyn,Gliddon,egliddone2@deliciousdays.com,872-916-2618,68523 Oriole Trail,Duisburg,Germany,47139,873
508,Zeb,McCaskill,zmccaskille3@columbia.edu,141-647-6243,138 Fairview Park,Pilníkov,Czech Republic,542 42,204
509,Felicio,Paul,fpaule4@alibaba.com,302-442-4499,8 Merchant Alley,Newark,United States,19714,813
510,Lizabeth,Danielovitch,ldanielovitche5@boston.com,922-392-2374,98 Roth Alley,Lianghe,China,,74
511,Baily,Beddow,bbeddowe6@hubpages.com,947-794-5721,04 Kropf Road,Al Qarmadah,Tunisia,,816
512,Leelah,Kipling,lkiplinge7@ucsd.edu,802-353-7606,934 Hallows Circle,Czyżowice,Poland,44-352,933
513,Viva,Mansour,vmansoure8@unc.edu,705-466-9733,24 Pierstorff Lane,Ouro Preto do Oeste,Brazil,78950-000,999
514,Ellen,Farr,efarre9@microsoft.com,847-248-1876,80934 Memorial Trail,Chicago,United States,60630,482
515,Brockie,Blayney,bblayneyea@ftc.gov,463-410-6186,924 Golf Course Court,Anjō,Japan,473-0938,172
516,Tony,Gullick,tgullickeb@photobucket.com,701-223-9893,950 Dayton Plaza,Partizansk,Russia,309311,908
517,Wash,Grunwall,wgrunwallec@hud.gov,262-599-7261,98 Pennsylvania Way,Primorsko,Bulgaria,8290,835
518,Belle,Henri,bhenried@state.tx.us,912-292-5346,3 Huxley Junction,Bani,Philippines,2407,645
519,Sebastian,Sango,ssangoee@cbslocal.com,633-410-9323,9 Maple Trail,Mueang Nonthaburi,Thailand,11120,94
520,Vicki,Cavy,vcavyef@sun.com,580-404-0715,2 Summer Ridge Terrace,Liyuan,China,,915
521,Gram,Eslie,geslieeg@sogou.com,394-783-1519,6405 Pawling Crossing,Brest,France,29825 CEDEX 9,269
522,Ashly,Airey,aaireyeh@wix.com,658-889-9518,1231 Esch Junction,Wangba,China,,258
523,Diena,Krates,dkratesei@mlb.com,657-699-4918,76931 Stuart Plaza,São Caetano do Sul,Brazil,09500-000,422
524,Kincaid,Eddolls,keddollsej@tripadvisor.com,259-753-6630,5 Morrow Park,Tondabayashichō,Japan,589-0013,295
525,Eartha,Posvner,eposvnerek@youtu.be,145-140-3415,8 Loftsgordon Terrace,Lallayug,Philippines,6666,317
526,Web,Gillespey,wgillespeyel@hatena.ne.jp,312-228-3071,6 Dryden Trail,Gongjiang,China,,465
527,Ashley,Mohamed,amohamedem@youtube.com,802-478-7633,391 Vermont Street,Brześć Kujawski,Poland,87-880,121
528,Den,Havard,dhavarden@mysql.com,719-747-1126,30 Rusk Hill,Barubandung,Indonesia,,252
529,Nanice,Payton,npaytoneo@webs.com,794-397-7027,66750 Blaine Pass,Molchanovo,Russia,636330,921
530,Marley,Ackerman,mackermanep@wikimedia.org,792-130-0210,8 Evergreen Drive,Victoria,Philippines,6406,551
531,Grannie,Emerton,gemertoneq@360.cn,137-815-4833,549 Melby Avenue,Matinha,Brazil,65218-000,127
532,Harris,Vella,hvellaer@foxnews.com,480-443-6655,8 Talisman Road,Shalazhi,Russia,366526,661
533,Fredrick,Ozintsev,fozintseves@mapy.cz,402-391-9230,274 Thierer Park,Lincoln,United States,68505,198
534,Gerianne,Bello,gbelloet@deviantart.com,512-531-1424,49539 Bultman Center,Ajman,United Arab Emirates,,571
535,Amandy,Verrills,averrillseu@unblog.fr,916-113-7653,324 Warbler Parkway,Sacramento,United States,95894,200
536,Noelyn,Proppers,nproppersev@vimeo.com,528-595-6458,7609 Columbus Park,Buena Esperanza,Argentina,3454,764
537,Kendell,Cosson,kcossonew@digg.com,657-658-7436,97910 Holmberg Crossing,Poniklá,Czech Republic,512 42,267
538,Cedric,Limprecht,climprechtex@blog.com,384-611-0738,27774 Florence Street,Skalat,Ukraine,,611
539,Sherlock,Noury,snouryey@cloudflare.com,227-723-1751,478 Shoshone Point,Al Qamşīyah,Syria,,142
540,Jerald,Chanders,jchandersez@omniture.com,124-423-2976,772 Vernon Parkway,Bobrov,Russia,397706,839
541,Kennie,Denisevich,kdenisevichf0@cafepress.com,635-461-9935,00 Carey Lane,Taotang,China,,73
542,Ingrim,Habbijam,ihabbijamf1@soundcloud.com,369-156-6551,64 Oriole Parkway,Zhireken,Russia,673498,355
543,Broderic,Dulson,bdulsonf2@dagondesign.com,465-516-1889,69 Orin Circle,Agualva de Cima,Portugal,2965-207,937
544,Florette,Dovey,fdoveyf3@npr.org,566-687-8381,293 Anhalt Crossing,Pelasgía,Greece,,135
545,Cecelia,Gresham,cgreshamf4@zimbio.com,930-209-0186,6405 5th Place,Weston,United Kingdom,GU32,196
546,Annaliese,Bickley,abickleyf5@creativecommons.org,637-383-7092,02123 Anniversary Avenue,Pinggan,Indonesia,,923
547,Godart,Grose,ggrosef6@oaic.gov.au,176-326-0611,54748 Mandrake Trail,Shisui,Japan,285-0927,743
548,Thea,Tunbridge,ttunbridgef7@vimeo.com,148-961-5573,4 Trailsway Way,Qinghaihu,China,,593
549,Lanni,Thomel,lthomelf8@digg.com,912-330-5593,6 Montana Lane,Thị Trấn Cao Phong,Vietnam,,752
550,Aubert,Sutton,asuttonf9@telegraph.co.uk,614-277-3708,0 Corry Lane,Bongsri,Indonesia,,156
551,Colan,Tigner,ctignerfa@mit.edu,473-959-5347,7894 Gerald Terrace,Namalenga,Tanzania,,492
552,Danya,Westmoreland,dwestmorelandfb@elpais.com,670-439-2086,06 Emmet Court,Senanga,Zambia,,553
553,Neron,Dysert,ndysertfc@time.com,560-430-3806,3931 Ilene Way,Yunlong,China,,789
554,Cyrille,Avraham,cavrahamfd@stumbleupon.com,539-652-1732,779 Jenifer Center,Lộc Bình,Vietnam,,411
555,Sabra,Nelligan,snelliganfe@plala.or.jp,806-266-7034,46 Shasta Avenue,Pailitas,Colombia,204007,469
556,Seward,Brandino,sbrandinoff@globo.com,893-766-6628,7581 Jana Drive,Nagano-shi,Japan,389-1227,334
557,Laurianne,Bartusek,lbartusekfg@accuweather.com,345-749-2360,168 Mandrake Drive,Macroom,Ireland,P12,477
558,Kinnie,Risebrow,krisebrowfh@pagesperso-orange.fr,916-854-6447,46 Carioca Way,Sacramento,United States,94250,232
559,Sisely,Baudy,sbaudyfi@marketwatch.com,276-845-8388,64 Crescent Oaks Avenue,Guarabira,Brazil,58200-000,115
560,Udale,Lorne,ulornefj@webnode.com,443-155-7375,1 Cottonwood Trail,Durazno,Uruguay,,726
561,Margaretta,Boylin,mboylinfk@surveymonkey.com,650-576-4053,3292 Hoffman Road,Daxi,China,,915
562,Bert,Heake,bheakefl@wufoo.com,854-929-0351,16950 Pawling Alley,Xinglongchang,China,,646
563,Carlee,Szapiro,cszapirofm@washingtonpost.com,753-154-2400,30 Corry Place,Além do Rio,Portugal,4890-561,489
564,Kippy,Attack,kattackfn@trellian.com,778-209-2383,75963 Rockefeller Park,Tebluru,Indonesia,,577
565,Winonah,Eberst,weberstfo@dagondesign.com,454-817-3683,51 Almo Drive,Cileueur,Indonesia,,928
566,Mack,Bedlington,mbedlingtonfp@tinypic.com,588-777-9905,52 Mallard Court,Toungo,Nigeria,,673
567,Trixi,McRannell,tmcrannellfq@hp.com,415-150-8253,4 2nd Crossing,Fuding,China,,59
568,Llewellyn,Corsar,lcorsarfr@cisco.com,762-493-7620,7627 Ludington Junction,Na Tan,Thailand,37180,959
569,Terri,Malec,tmalecfs@woothemes.com,269-489-8237,9 Crowley Lane,Grabovci,Croatia,22215,970
570,Allix,Vaisey,avaiseyft@stanford.edu,957-664-9169,04 Old Gate Terrace,Roudnice nad Labem,Czech Republic,413 01,533
571,Sib,Reina,sreinafu@phpbb.com,520-907-0542,43 Prairie Rose Avenue,Ningchegu,China,,740
572,Beatriz,Allard,ballardfv@uol.com.br,986-784-2013,849 Londonderry Trail,Profítis Ilías,Greece,,100
573,Angel,Milsom,amilsomfw@blogger.com,297-539-1148,40750 3rd Terrace,Santa Cristina Couto,Portugal,4780-166,927
574,Susette,Tames,stamesfx@github.com,283-380-2305,26740 Stang Trail,Holoubkov,Czech Republic,338 01,584
575,Joellen,Dayton,jdaytonfy@trellian.com,289-967-5867,124 High Crossing Point,Rušanj,Serbia,,767
576,Cecil,Knock,cknockfz@gizmodo.com,687-793-1829,319 Huxley Street,Lộc Bình,Vietnam,,53
577,Jennette,Bifield,jbifieldg0@slideshare.net,837-271-8363,40 Laurel Court,Chaoshui,China,,219
578,Lorie,Palliser,lpalliserg1@umn.edu,894-906-6589,394 Burrows Park,Vinhas,Portugal,4575-062,375
579,Sella,Fearenside,sfearensideg2@answers.com,606-715-4233,46 Dovetail Street,Cicapar,Indonesia,,742
580,Lorine,Feakins,lfeakinsg3@time.com,821-171-5175,07191 Heath Terrace,Paris La Défense,France,92061 CEDEX,363
581,Doralyn,Eckart,deckartg4@omniture.com,891-342-6404,7295 Reinke Place,Yevlakh,Azerbaijan,,927
582,Taddeo,Jakoub,tjakoubg5@soup.io,565-203-1554,7 Troy Terrace,Portela,Portugal,6100-460,574
583,Hortensia,Barfield,hbarfieldg6@telegraph.co.uk,127-781-6732,3 Sunbrook Place,San Juan,Philippines,6227,66
584,Tracie,Panyer,tpanyerg7@pen.io,122-618-0074,46874 Nobel Trail,Tuchomie,Poland,77-133,6
585,Udale,Glendining,uglendiningg8@merriam-webster.com,377-126-9120,113 Esker Place,Huangmei,China,,188
586,Sherman,Farre,sfarreg9@de.vu,565-600-5065,397 Meadow Valley Trail,Angoulême,France,16004 CEDEX,16
587,Emmalyn,Sever,eseverga@hibu.com,673-677-9177,208 Schlimgen Parkway,Huallanca,Peru,,418
588,Charmion,Brakespear,cbrakespeargb@un.org,142-732-8297,33 Mcguire Pass,Tilburg,Netherlands,5009,250
589,Nadine,Duckerin,nduckeringc@craigslist.org,247-272-0630,8856 Oneill Parkway,Pasararba,Indonesia,,643
590,Corette,Marson,cmarsongd@123-reg.co.uk,114-464-2455,0 Dovetail Junction,Bobai,China,,691
591,Elva,Lente,elentege@businessweek.com,611-616-4126,031 Rockefeller Point,Sosnovka,Russia,431226,446
592,Annora,Baroche,abarochegf@abc.net.au,474-930-6402,246 Bunting Junction,Jatiprahu,Indonesia,,497
593,Sterne,Parkinson,sparkinsongg@amazon.co.jp,661-785-6248,89248 4th Junction,Penalva de Alva,Portugal,3400-548,603
594,Lyndell,Harradence,lharradencegh@columbia.edu,968-443-6032,21896 Sachs Center,Águas de Lindóia,Brazil,13940-000,652
595,Dacey,Millea,dmilleagi@jigsy.com,476-239-1638,4083 Charing Cross Road,El Porvenir,Mexico,29920,831
596,Ricca,Braiden,rbraidengj@plala.or.jp,110-340-8889,1 Debs Hill,Noemuti,Indonesia,,897
597,Harwell,Netherclift,hnethercliftgk@mtv.com,407-546-4678,003 Judy Avenue,Langensari,Indonesia,,751
598,Verney,Biggans,vbiggansgl@nydailynews.com,977-350-8570,5625 Schmedeman Road,Bandong,China,,864
599,Reeba,Beacroft,rbeacroftgm@github.io,344-775-1138,3 Rigney Pass,Lom Sak,Thailand,67110,81
600,Karalynn,Sjostrom,ksjostromgn@bloglines.com,106-992-5710,776 Sutherland Street,Novi Sad,Serbia,,919
601,Obie,Walkowski,owalkowskigo@is.gd,348-383-8519,02220 Duke Terrace,Apeldoorn,Netherlands,7319,791
602,Mildrid,Ateridge,materidgegp@4shared.com,413-765-4732,6421 Old Shore Pass,Libertador General San Martín,Argentina,4514,204
603,Casper,Murrow,cmurrowgq@nhs.uk,427-358-4007,85093 Mallory Junction,Ostashkov,Russia,175276,206
604,Goldina,Reggler,gregglergr@themeforest.net,474-355-7342,37 Lindbergh Point,Pregrada,Croatia,49218,373
605,Hortensia,Braunstein,hbraunsteings@ca.gov,158-302-6402,6 Lighthouse Bay Point,Tây Đằng,Vietnam,,581
606,Dulsea,Tinsley,dtinsleygt@behance.net,968-943-9889,2 Vernon Terrace,Lilio,Philippines,4004,339
607,Martin,McVey,mmcveygu@msn.com,447-616-2022,71825 American Ash Terrace,Repki,Poland,08-307,548
608,Huberto,Riddiford,hriddifordgv@mlb.com,457-356-2349,0816 Mandrake Alley,Baumata,Indonesia,,624
609,Shem,Covert,scovertgw@sohu.com,368-384-1761,30 Russell Terrace,Horní Počaply,Czech Republic,277 03,666
610,Rab,Heady,rheadygx@cocolog-nifty.com,327-480-3576,826 Prentice Road,Nuuk,Greenland,3900,328
611,Michael,Leverett,mleverettgy@bing.com,593-321-8337,76 Park Meadow Point,Saladas,Argentina,3420,310
612,Harv,Fildery,hfilderygz@1und1.de,362-993-5753,617 Del Mar Drive,Paraipaba,Brazil,62685-000,116
613,Venus,Vousden,vvousdenh0@yellowpages.com,458-862-7056,34 Chinook Trail,Povorino,Russia,397355,124
614,Delia,Robertson,drobertsonh1@amazon.de,492-939-8697,709 Stoughton Drive,Ma’an,China,,291
615,Madelle,Riccardelli,mriccardellih2@amazon.de,576-591-9499,81 Carberry Lane,Shibīn al Qanāţir,Egypt,,389
616,Ashla,Seeger,aseegerh3@salon.com,182-718-0288,83 Tony Junction,El Calvario,Mexico,40417,895
617,Torrey,Grundle,tgrundleh4@ox.ac.uk,530-284-6627,22217 Bellgrove Point,Punta del Este,Uruguay,,299
618,Mella,Ferrandez,mferrandezh5@mlb.com,445-265-6748,65 Karstens Terrace,Hepang,Indonesia,,300
619,Mariann,Ricards,mricardsh6@psu.edu,801-891-7897,7 Knutson Terrace,Luntas,Indonesia,,335
620,Clarinda,Edards,cedardsh7@de.vu,758-920-0572,57065 Warner Pass,Jayune,Peru,,139
621,Appolonia,Conford,aconfordh8@friendfeed.com,527-689-0652,969 Pierstorff Road,Klippan,Sweden,264 31,333
622,Miguela,Antoniutti,mantoniuttih9@opensource.org,715-592-2694,5894 Del Sol Road,Třešť,Czech Republic,589 01,4
623,Sylvan,Baum,sbaumha@sphinn.com,200-285-5158,751 Mcguire Plaza,Codoi,China,,303
624,Tybalt,Shoosmith,tshoosmithhb@lulu.com,144-841-6260,141 Hudson Plaza,Nancy,France,54039 CEDEX,878
625,Salem,Fosken,sfoskenhc@patch.com,632-929-9991,943 Beilfuss Plaza,Bandundu,Democratic Republic of the Congo,,223
626,Merwyn,Ethersey,metherseyhd@narod.ru,121-521-7665,757 Kings Pass,Agara,Georgia,,386
627,Lorraine,Wassell,lwassellhe@sourceforge.net,803-716-3823,25 Myrtle Avenue,Łobez,Poland,73-150,94
628,Jud,Nurse,jnursehf@vkontakte.ru,270-968-0606,2041 Lake View Hill,Batallas,Bolivia,,658
629,Reta,Wemes,rwemeshg@nhs.uk,158-856-0518,5 Reindahl Terrace,Essang,Indonesia,,58
630,Ansley,Trollope,atrollopehh@mozilla.com,439-964-8307,4 Hovde Parkway,Zruč nad Sázavou,Czech Republic,285 22,726
631,Allix,Tills,atillshi@g.co,219-592-0256,75 Memorial Road,João Monlevade,Brazil,35930-000,600
632,Cullie,Chawkley,cchawkleyhj@noaa.gov,236-579-0293,6428 Lyons Pass,Korczew,Poland,08-108,902
633,Ryon,Doerrling,rdoerrlinghk@smugmug.com,206-953-5994,1622 Manitowish Alley,Seattle,United States,98109,843
634,Levi,Greave,lgreavehl@soup.io,709-646-1600,1 Sauthoff Terrace,Santa Cruz,Philippines,5105,773
635,Demetra,Passey,dpasseyhm@oracle.com,187-733-2612,50744 Boyd Park,Waitakere,New Zealand,0782,427
636,Amye,Gorton,agortonhn@samsung.com,784-932-9782,8047 Browning Terrace,Nantes,France,44019 CEDEX 1,448
637,Aubert,Behnen,abehnenho@elegantthemes.com,923-210-2384,966 Farwell Terrace,Cajolá,Guatemala,09034,363
638,Kiley,Dowsett,kdowsetthp@unicef.org,787-904-9565,9 Green Drive,Watuka,Indonesia,,337
639,Alleyn,Binnell,abinnellhq@mit.edu,381-742-2988,286 School Trail,Kuantan,Malaysia,25676,817
640,Audry,Klammt,aklammthr@spiegel.de,318-231-3132,39562 Banding Circle,Albania,Colombia,684537,123
641,Vanni,McConville,vmcconvillehs@ehow.com,564-214-5341,40 Fremont Terrace,Lo Prado,Chile,,266
642,Delcina,Bengal,dbengalht@constantcontact.com,855-891-5588,4 Pankratz Trail,Kétou,Benin,,477
643,Hildegarde,Gerram,hgerramhu@cargocollective.com,977-469-5583,922 Kim Circle,Vale de Madeiros,Portugal,3525-355,876
644,Wendall,Truluck,wtruluckhv@theguardian.com,292-614-1905,02356 Northland Alley,Union,Philippines,4314,234
645,Rachelle,Kennan,rkennanhw@meetup.com,382-428-9169,89 Fieldstone Place,Mombaça,Brazil,63610-000,179
646,Percy,Easlea,peasleahx@w3.org,590-485-6596,0435 Surrey Circle,Farroupilha,Brazil,95180-000,508
647,Paolo,Attride,pattridehy@imageshack.us,915-602-9150,07 Florence Lane,El Paso,United States,79940,263
648,Sallyanne,Yedall,syedallhz@quantcast.com,283-551-7216,617 Johnson Way,La Paz,Philippines,8508,720
649,Brander,Brydson,bbrydsoni0@1688.com,651-171-9502,2 Raven Place,Zbraslav,Czech Republic,664 84,711
650,Randall,Valadez,rvaladezi1@walmart.com,999-405-1391,5 Blaine Trail,Jami,Indonesia,,493
651,Josselyn,Blinkhorn,jblinkhorni2@ocn.ne.jp,988-128-3841,7315 Esch Lane,Qili,China,,175
652,Damian,Mc Comb,dmccombi3@sohu.com,711-661-9957,7590 Cottonwood Court,Tsimlyansk,Russia,347320,290
653,Justus,Vigours,jvigoursi4@tinypic.com,291-735-2982,99614 Morrow Road,Doibang,Indonesia,,424
654,Lorraine,Bolding,lboldingi5@engadget.com,840-104-9787,16566 Bobwhite Park,Consuelo,Philippines,1128,43
655,Antoine,Antos,aantosi6@facebook.com,775-452-1415,144 Loeprich Trail,Tanagara,Indonesia,,751
656,Morley,Keetch,mkeetchi7@jugem.jp,772-144-5577,50716 Grover Drive,Dongxin,China,,411
657,Elihu,Oldfield,eoldfieldi8@google.ru,639-607-3206,5 Division Point,Xilin Hot,China,,255
658,Noam,Linnitt,nlinnitti9@usda.gov,886-732-5072,4 Derek Trail,Dikson,Russia,647341,310
659,Kellyann,Cottam,kcottamia@fastcompany.com,161-178-3283,57024 Kensington Center,Church End,United Kingdom,N3,766
660,Orlando,Bennough,obennoughib@hud.gov,804-443-0956,04 Troy Circle,Otaniemi,Finland,32700,286
661,Rickard,Miere,rmiereic@t-online.de,127-744-3845,8 Canary Plaza,Baishi,China,,524
662,Amie,Jermey,ajermeyid@godaddy.com,405-658-9278,7155 Pond Hill,Cimitarra,Colombia,686058,701
663,Tate,Woolrich,twoolrichie@amazon.de,162-270-8074,2 Mitchell Circle,Balong Wetan,Indonesia,,983
664,Lavinia,Byforth,lbyforthif@cbc.ca,658-501-2460,581 Forest Crossing,Saint Hubert,Mauritius,,681
665,Patience,Nardi,pnardiig@disqus.com,588-875-7907,46808 Fairview Lane,Abakan,Russia,655131,592
666,Gallagher,Garter,ggarterih@msu.edu,820-375-0039,929 Hoepker Place,Kalisari,Indonesia,,675
667,Karil,Abelwhite,kabelwhiteii@go.com,796-856-1828,28989 Northport Drive,Hūn,Libya,,319
668,Urson,Guerrero,uguerreroij@jimdo.com,694-911-7707,59 Eggendart Center,Pecka,Czech Republic,507 82,517
669,Anton,Kimbrey,akimbreyik@wix.com,738-603-7875,9 Porter Court,Dāngām,Afghanistan,,305
670,Lothaire,Kamien,lkamienil@google.de,166-995-2666,875 Londonderry Point,Daqiao,China,,160
671,Dennet,Nannizzi,dnannizziim@comcast.net,650-615-2441,03025 Sycamore Park,Tongzhong,China,,287
672,Alika,Rings,aringsin@flickr.com,390-441-5082,07 Kropf Court,Nanning,China,,252
673,Myriam,Strike,mstrikeio@addthis.com,312-636-4321,03955 Welch Park,Marale,Honduras,,524
674,Veronique,Ferrick,vferrickip@purevolume.com,459-624-5640,56820 Clove Way,Côte-Saint-Luc,Canada,H7V,182
675,Temp,Littley,tlittleyiq@ihg.com,143-226-7577,2 Kropf Avenue,Mohoro,Comoros,,116
676,Morganica,Maykin,mmaykinir@topsy.com,654-503-8470,75 Kinsman Pass,Lebedyn,Ukraine,,322
677,Sanders,Abry,sabryis@etsy.com,224-914-5139,9 Porter Street,Houndé,Burkina Faso,,322
678,Brian,Cymper,bcymperit@craigslist.org,553-580-9349,4102 Ilene Way,Raniżów,Poland,36-130,241
679,Carina,Mingaud,cmingaudiu@slashdot.org,349-189-3804,9 Hermina Trail,Fuxi,China,,601
680,Fiann,Marran,fmarraniv@bluehost.com,617-897-7873,331 Arkansas Pass,Chandra,Comoros,,981
681,Marian,Anand,manandiw@rakuten.co.jp,404-884-2246,9782 Schurz Alley,Lawrenceville,United States,30045,319
682,Vanni,Puckham,vpuckhamix@wsj.com,612-713-6138,255 Onsgard Pass,Adiwerna,Indonesia,,117
683,Philippe,Stranger,pstrangeriy@seesaa.net,320-505-1642,7003 Hovde Hill,Yelizavetinskaya,Russia,385123,666
684,Lionel,Betteson,lbettesoniz@google.com.hk,804-319-9749,56695 Anzinger Trail,Velille,Peru,,213
685,Ardeen,Van Ross,avanrossj0@meetup.com,839-803-3723,45059 Old Gate Place,Kotovo,Russia,403800,398
686,Raphael,Luberto,rlubertoj1@joomla.org,125-673-0334,12 Kenwood Alley,Xijiang,China,,237
687,Bastian,Iglesia,biglesiaj2@dedecms.com,376-846-9637,60 Sachtjen Crossing,Chakaray,Afghanistan,,499
688,Richart,Girardet,rgirardetj3@gizmodo.com,803-729-9304,17105 Sauthoff Drive,Wonocoyo Utara,Indonesia,,141
689,Anny,Lawrey,alawreyj4@xing.com,540-787-2946,994 Monica Lane,Goya,Argentina,3450,559
690,Ethelind,Wiggett,ewiggettj5@google.com.hk,389-340-3599,409 Bowman Pass,Ayia Napa,Cyprus,,920
691,Robenia,Joselovitch,rjoselovitchj6@ning.com,946-595-5268,9305 Rowland Terrace,Kenyau,Indonesia,,352
692,Emelyne,Antosik,eantosikj7@go.com,561-230-9140,0 Ryan Court,Suntar,Russia,678290,898
693,Amelina,Darell,adarellj8@cnet.com,420-591-2620,44382 Surrey Junction,Mompós,Colombia,473008,28
694,Nadine,Betty,nbettyj9@multiply.com,212-885-4882,448 Green Ridge Junction,Canchaque,Peru,,212
695,Susette,Mulqueen,smulqueenja@irs.gov,171-264-2574,8071 Northport Center,Khrebtovaya,Russia,665683,59
696,Nicko,Ionesco,nionescojb@gravatar.com,537-922-1544,70 Crest Line Place,Yingdianjie,China,,579
697,Frannie,Fortun,ffortunjc@google.co.uk,335-470-3788,89957 Duke Crossing,Xaçmaz,Azerbaijan,,625
698,Crissy,Merwood,cmerwoodjd@tinypic.com,552-171-0155,29 Northwestern Way,Nanfeng,China,,501
699,Andres,Cason,acasonje@yelp.com,528-682-5558,87406 Scoville Parkway,Bang Sai,Thailand,13270,366
700,Gale,Le Bosse,glebossejf@qq.com,974-496-5631,46 Summerview Avenue,Roudnice nad Labem,Czech Republic,413 01,526
701,Kikelia,Pantling,kpantlingjg@eventbrite.com,798-140-7750,177 Lukken Junction,Bogotá,Colombia,111831,854
702,Sher,MacGilfoyle,smacgilfoylejh@army.mil,235-783-4922,1257 Milwaukee Pass,San Gil,Colombia,684039,593
703,Ninnette,Shotton,nshottonji@alibaba.com,597-150-8505,0886 Coleman Lane,Kangdong-ŭp,North Korea,,64
704,Brodie,MacKay,bmackayjj@privacy.gov.au,195-460-6233,79917 Autumn Leaf Lane,Havlíčkův Brod,Czech Republic,580 01,977
705,Olivette,Murrell,omurrelljk@pcworld.com,539-361-9448,5 Macpherson Park,Lidingö,Sweden,181 36,448
706,Darci,D'Hooghe,ddhooghejl@latimes.com,666-433-6042,15430 Stephen Drive,Xubao,China,,396
707,Elston,McTaggart,emctaggartjm@microsoft.com,248-383-2246,7114 Kingsford Terrace,Chang Klang,Thailand,84240,214
708,Burch,McKeurtan,bmckeurtanjn@chronoengine.com,931-919-3194,395 Bunker Hill Avenue,Sudoměřice,Czech Republic,696 66,86
709,Richie,Iacovazzi,riacovazzijo@prweb.com,895-413-1861,35 Westerfield Court,Savyon,Israel,,166
710,Nadia,Berkley,nberkleyjp@jalbum.net,191-352-1853,8 Norway Maple Park,Zhongling,China,,881
711,Alidia,Lax,alaxjq@ocn.ne.jp,831-325-2456,918 Kipling Alley,Kola,Russia,184389,185
712,Boris,Evett,bevettjr@symantec.com,482-145-7702,02395 Vermont Point,Lancai,China,,19
713,Curt,Hemphall,chemphalljs@latimes.com,199-315-3417,3 Crest Line Road,Huazhou,China,,917
714,Wyatan,Munro,wmunrojt@google.com.br,831-906-5014,0 Becker Street,Miskindzha,Russia,368757,123
715,Eduard,Kasman,ekasmanju@irs.gov,874-970-6872,12 Service Court,Jinlong,China,,371
716,Garwin,Matussov,gmatussovjv@wufoo.com,166-540-9106,0 4th Crossing,Mayang,Indonesia,,649
717,Glyn,Drewery,gdreweryjw@mapy.cz,707-411-2832,4357 Comanche Hill,Petaluma,United States,94975,369
718,Leeann,Matushenko,lmatushenkojx@go.com,471-959-7135,0 Lakewood Court,Mejdan - Obilićevo,Bosnia and Herzegovina,,574
719,Malcolm,Joblin,mjoblinjy@youtube.com,505-264-6335,2 Cardinal Center,Utan,Indonesia,,704
720,Miguel,Morrilly,mmorrillyjz@acquirethisname.com,889-509-7272,29060 Jana Pass,Voskehask,Armenia,,110
721,Vyky,Foulds,vfouldsk0@pcworld.com,181-872-8922,44 Hansons Point,Jiangtun,China,,26
722,Ingaborg,Dowdle,idowdlek1@desdev.cn,938-727-4113,51 Melvin Crossing,Castedo,Portugal,5070-227,807
723,Conan,Danielsen,cdanielsenk2@eventbrite.com,720-421-1765,66257 Eagle Crest Parkway,Cambanugoy,Philippines,8102,552
724,Curtice,Grote,cgrotek3@github.com,941-786-2924,9745 Fieldstone Way,San Jorge,Argentina,5117,790
725,Lauren,Baxstair,lbaxstairk4@reuters.com,759-157-3336,09942 Continental Avenue,Jasienica Rosielna,Poland,36-220,199
726,Lia,Yesenin,lyesenink5@parallels.com,528-489-0120,701 Dryden Parkway,Muurla,Finland,25130,509
727,Suki,Reddings,sreddingsk6@google.it,596-200-3599,2 Ramsey Drive,Saraburi,Thailand,18190,971
728,Cobb,Manjin,cmanjink7@people.com.cn,212-712-1894,0 Express Hill,Rodniki,Russia,301086,379
729,Thekla,Robertucci,trobertuccik8@comsenz.com,559-521-1104,5 Upham Trail,Wewoloe,Indonesia,,823
730,Lacey,Syrett,lsyrettk9@bluehost.com,363-506-2566,81454 Green Ridge Pass,Wangpu,China,,926
731,Dwain,Benninger,dbenningerka@oakley.com,329-981-9329,130 Clemons Center,Witkowo,Poland,62-230,391
732,Bealle,Kinchin,bkinchinkb@netvibes.com,748-477-4508,04728 Atwood Hill,Danderyd,Sweden,182 57,645
733,Jarib,Glennon,jglennonkc@creativecommons.org,413-608-5271,57087 Clyde Gallagher Road,Plottier,Argentina,8316,890
734,Osmund,Van Der Hoog,ovanderhoogkd@wikispaces.com,861-997-9306,3845 Basil Way,Krahës,Albania,,400
735,Herman,Cotillard,hcotillardke@bloglovin.com,721-124-9596,10 Gateway Junction,Furmanov,Russia,155526,574
736,Selinda,McCane,smccanekf@aboutads.info,771-262-7507,358 Evergreen Hill,Qijiawan,China,,280
737,Juanita,Ughetti,jughettikg@dyndns.org,613-376-8529,63 Utah Hill,Yelizavetino,Russia,188370,712
738,Odele,Tolwood,otolwoodkh@unicef.org,401-551-6181,0 Spohn Place,Mertzig,Luxembourg,L-9170,838
739,Elnore,Flann,eflannki@goo.ne.jp,511-953-1298,17305 Hoepker Avenue,Konary,Poland,63-910,458
740,Grier,Marquiss,gmarquisskj@eventbrite.com,985-513-3001,1 Sunfield Point,Corrientes,Argentina,3400,378
741,Alvy,Trittam,atrittamkk@theatlantic.com,922-229-0011,42 Village Alley,Carmelo,Philippines,9212,155
742,Spike,Hainsworth,shainsworthkl@about.com,236-490-5606,59 Thierer Court,Yong’an,China,,967
743,Philly,Gardner,pgardnerkm@unc.edu,141-500-6907,788 Mosinee Avenue,Sukorejo,Indonesia,,21
744,Giuditta,Robotham,grobothamkn@goo.ne.jp,834-769-7004,7501 Valley Edge Park,Três Coroas,Brazil,95660-000,683
745,Bink,Romanin,bromaninko@plala.or.jp,481-883-6335,6874 Doe Crossing Circle,Tatarbunary,Ukraine,,46
746,Pavla,Haton,phatonkp@jimdo.com,858-716-7860,19871 Hoepker Court,Nila Dua,Indonesia,,502
747,Matthieu,Breitling,mbreitlingkq@forbes.com,667-970-6313,13618 Delaware Road,Sumuran,Indonesia,,297
748,Loy,Kneesha,lkneeshakr@soundcloud.com,395-305-0696,49341 Oak Street,Padangguci,Indonesia,,548
749,Neron,Mocker,nmockerks@surveymonkey.com,971-491-4841,7 Lunder Hill,Stenungsund,Sweden,444 24,946
750,Electra,Corbould,ecorbouldkt@miitbeian.gov.cn,224-615-7955,2 Crescent Oaks Circle,San Fernando de Atabapo,Venezuela,,370
751,Sebastien,Smithe,ssmitheku@state.gov,796-780-7950,37617 Wayridge Court,Cawayan,Philippines,5409,351
752,Yvette,Huey,yhueykv@dedecms.com,363-223-9307,5821 Mariners Cove Trail,Dolega District,Panama,,424
753,Jan,Farnaby,jfarnabykw@seattletimes.com,962-896-9821,551 Express Avenue,Garwolin,Poland,08-400,713
754,Magdaia,Lamkin,mlamkinkx@pen.io,507-308-1225,745 Kipling Crossing,Lena,Indonesia,,631
755,Beret,Hallybone,bhallyboneky@ucsd.edu,806-243-3376,16264 Green Junction,Dolod,China,,937
756,Becky,Cussen,bcussenkz@hud.gov,735-397-0220,060 Mitchell Point,Bulawin,Philippines,7416,249
757,Merrill,Hullin,mhullinl0@histats.com,728-761-8233,28 Green Ridge Point,Ameixoeira,Portugal,2425-702,846
758,Allene,Langshaw,alangshawl1@gnu.org,938-108-0300,698 Arapahoe Parkway,Guaduas,Colombia,253449,661
759,Cob,Bly,cblyl2@va.gov,235-936-5970,2553 Harper Junction,Fonte do Feto,Portugal,2835-526,239
760,Abbe,Megroff,amegroffl3@gravatar.com,456-320-9917,9 Delaware Hill,Kävlinge,Sweden,244 24,172
761,Monty,Bonnyson,mbonnysonl4@pen.io,836-604-8786,9975 Stuart Road,Ayní,Tajikistan,,450
762,Sean,Palethorpe,spalethorpel5@reuters.com,197-238-0782,6 Nancy Way,Shiḩan as Suflá,Yemen,,992
763,Glennis,Jarmaine,gjarmainel6@jigsy.com,144-438-0489,576 Elmside Pass,Kirkland,Canada,H9J,234
764,Forester,Meakin,fmeakinl7@hp.com,856-731-4540,83437 Rutledge Center,Krasnogorsk,Russia,694810,244
765,Farra,Tees,fteesl8@example.com,992-695-0682,7186 Lyons Park,Fushi,China,,350
766,Coleen,Gionettitti,cgionettittil9@cnn.com,330-277-4227,1163 Northview Alley,Youludu Sibage,China,,912
767,Mufi,Simenot,msimenotla@blogspot.com,141-199-5163,4101 Manitowish Alley,Sarishābāri,Bangladesh,2051,499
768,Sigrid,Yakovlev,syakovlevlb@constantcontact.com,452-201-5401,18717 Goodland Plaza,Kamyshevatskaya,Russia,353650,964
769,Gherardo,MacLennan,gmaclennanlc@prlog.org,532-554-1706,0 Hooker Terrace,Guaíra,Brazil,14790-000,858
770,Fawn,Pawling,fpawlingld@altervista.org,703-963-6784,9 Mcguire Street,San Quintin,Philippines,2808,198
771,Granny,Mackrill,gmackrillle@walmart.com,774-617-7425,2 Sheridan Parkway,Dolulolong,Indonesia,,972
772,Gipsy,Poulgreen,gpoulgreenlf@liveinternet.ru,291-905-9138,75 Victoria Pass,Potelych,Ukraine,,641
773,Chelsy,Siege,csiegelg@digg.com,237-988-2721,263 Delaware Circle,Yalkhoy-Mokhk,Russia,366913,242
774,Bernadette,Phippard,bphippardlh@msn.com,297-570-3333,6504 Lillian Terrace,Amper,Nigeria,,131
775,Filippo,Kiloh,fkilohli@topsy.com,213-105-5054,99 Doe Crossing Alley,Los Angeles,United States,90035,544
776,Zorah,Roos,zrooslj@scribd.com,980-199-0448,7817 Mccormick Trail,Dandai,China,,740
777,Drona,Alpine,dalpinelk@princeton.edu,199-237-4032,1 Sullivan Crossing,Bongouanou,Ivory Coast,,760
778,Allistir,Gobat,agobatll@webnode.com,298-717-5019,233 Talisman Way,Fylí,Greece,,210
779,Hailee,Mullineux,hmullineuxlm@npr.org,619-762-6741,0 Florence Center,Benoni,South Africa,1527,809
780,Jessamyn,Heugle,jheugleln@google.nl,789-477-8121,55339 Village Circle,Taiping,China,,351
781,Lucais,Wildber,lwildberlo@1und1.de,337-602-0273,2 Superior Junction,Cerava,Albania,,784
782,Sanders,Peaple,speaplelp@ted.com,211-359-6619,4094 Pine View Lane,Sozopol,Bulgaria,8131,422
783,Artus,Brine,abrinelq@blogspot.com,256-597-1655,76 Sloan Trail,Yiyang,China,,748
784,Roy,Greystoke,rgreystokelr@flavors.me,493-109-3412,24640 Village Green Pass,Bamut,Russia,366703,361
785,Mac,Scollick,mscollickls@deliciousdays.com,838-321-3679,954 Manley Way,Beima,China,,567
786,Editha,Mara,emaralt@nymag.com,149-422-6518,15908 Mendota Center,Czarne,Poland,77-330,951
787,Livvy,Dallender,ldallenderlu@printfriendly.com,972-729-2125,46 Dixon Pass,Pasvalys,Lithuania,39001,998
788,Vincenty,Wadhams,vwadhamslv@godaddy.com,221-654-4262,1 Old Shore Lane,Altuf’yevskiy,Russia,617724,275
789,Aldous,Fries,afrieslw@devhub.com,947-905-0841,5466 Oxford Street,Soroca,Moldova,MD-4901,823
790,Jarrid,Upstone,jupstonelx@google.de,756-983-9233,088 Autumn Leaf Alley,Velikooktyabr’skiy,Russia,172715,881
791,Inger,Sneden,isnedenly@unesco.org,315-966-7955,8021 Artisan Road,Linköping,Sweden,582 02,494
792,Blaire,Gillum,bgillumlz@hibu.com,396-862-0211,32623 Blackbird Crossing,Žebrák,Czech Republic,263 01,458
793,Gerik,Cutchey,gcutcheym0@networkadvertising.org,207-950-3154,270 Lakeland Alley,Pasar,Indonesia,,122
794,Leyla,Summerton,lsummertonm1@umn.edu,979-859-9427,802 Forest Dale Terrace,Yisa,China,,241
795,Brandi,Piercey,bpierceym2@bbc.co.uk,140-490-8349,9 Norway Maple Street,Vila Nova de Santo André,Portugal,7500-130,650
796,Kanya,Brunnstein,kbrunnsteinm3@histats.com,733-473-9870,128 Havey Drive,Sapernoye,Russia,188966,925
797,Morgana,Branchet,mbranchetm4@state.gov,586-449-7710,26296 American Ash Park,Polykárpi,Greece,,97
798,Armando,Meugens,ameugensm5@ucsd.edu,167-299-6160,579 Main Place,Velyka Pysarivka,Ukraine,,393
799,Karol,Thurby,kthurbym6@nps.gov,111-430-1674,85 1st Circle,Banjar Beratan,Indonesia,,279
800,Ella,Tandy,etandym7@wix.com,341-103-7962,9966 Gale Parkway,Wiązownica,Poland,37-522,792
801,Devin,Ripping,drippingm8@cbc.ca,293-651-0077,86784 Shelley Avenue,Upton,United Kingdom,DN21,445
802,Aurlie,Deem,adeemm9@topsy.com,386-961-7855,13 Colorado Crossing,Asímion,Greece,,202
803,Gae,Neeson,gneesonma@dailymotion.com,201-509-3287,7 Caliangt Street,Opatów,Poland,42-152,668
804,Fancie,Wherrett,fwherrettmb@shinystat.com,120-899-6804,30 Amoth Court,Miaotou,China,,543
805,Amble,Farres,afarresmc@vkontakte.ru,850-878-6389,67 Hoepker Hill,Tallahassee,United States,32314,242
806,Danny,Arch,darchmd@indiatimes.com,898-347-4760,5 Corscot Hill,Cherëmushki,Russia,142817,951
807,Zachary,Reynalds,zreynaldsme@cbc.ca,526-402-4265,73 Fair Oaks Court,Karlskrona,Sweden,371 23,152
808,Stu,McCahey,smccaheymf@china.com.cn,402-557-1989,09 Pine View Lane,Omaha,United States,68105,612
809,Burty,Carncross,bcarncrossmg@latimes.com,140-955-7669,89 Morningstar Plaza,Jianqiao,China,,544
810,Francis,Bridgewater,fbridgewatermh@ihg.com,872-779-2310,15 Jackson Street,Takahama,Japan,880-2215,967
811,Kingsley,Spencock,kspencockmi@economist.com,311-163-3604,68 Manufacturers Lane,Litian,China,,340
812,Frederik,Shovelton,fshoveltonmj@disqus.com,823-737-9245,60 Cascade Alley,Zürich,Switzerland,8042,111
813,Clifford,O'Flaverty,coflavertymk@gov.uk,686-608-2682,7727 Comanche Junction,Nong Muang Khai,Thailand,12140,360
814,Sorcha,Kerswill,skerswillml@yandex.ru,304-990-3220,924 Main Alley,Hubei,China,,200
815,Trefor,Jarry,tjarrymm@mysql.com,800-494-8958,66 American Plaza,Sherbrooke,Canada,J1K,875
816,Harvey,Bauldrey,hbauldreymn@i2i.jp,664-782-3749,416 International Trail,Ampatuan,Philippines,9609,612
817,Nettle,Cawthorne,ncawthornemo@seattletimes.com,460-835-1079,71 Elmside Road,Panjgūr,Pakistan,93000,394
818,Chev,Havick,chavickmp@umn.edu,554-209-2666,6695 Summit Drive,Pila,Philippines,4010,761
819,Milena,Swindell,mswindellmq@wikia.com,202-829-3028,908 Towne Drive,Washington,United States,20051,855
820,Aron,Pagan,apaganmr@fema.gov,544-847-7180,69 Warrior Center,Youfang,China,,322
821,Janean,Capun,jcapunms@economist.com,703-224-7776,01 Marquette Pass,Lawdar,Yemen,,21
822,Marena,Betham,mbethammt@webs.com,130-258-0602,82 Columbus Point,Maïné Soroa,Niger,,729
823,Prue,Baynham,pbaynhammu@privacy.gov.au,761-520-3664,8758 Village Green Terrace,Preserje pri Radomljah,Slovenia,1241,224
824,Rowena,Pigram,rpigrammv@flickr.com,430-831-2438,7575 Pennsylvania Park,Batang,Indonesia,,389
825,Maury,Gilleon,mgilleonmw@purevolume.com,663-205-6550,69 Delaware Street,Fu’an,China,,493
826,Jennee,Deakin,jdeakinmx@opera.com,445-560-1754,6 Lakeland Crossing,Elbasan,Albania,,3
827,Aurthur,Dolby,adolbymy@twitpic.com,802-623-1490,9 Kipling Crossing,Starcevica,Bosnia and Herzegovina,,625
828,Darby,Deviney,ddevineymz@berkeley.edu,517-959-8700,62 Kennedy Trail,Kedungringin,Indonesia,,843
829,Leda,Agius,lagiusn0@chicagotribune.com,452-245-9693,0725 Towne Crossing,Bordeaux,France,33036 CEDEX,344
830,Danita,Bearward,dbearwardn1@amazonaws.com,634-348-1705,70 Gerald Hill,Comal,Indonesia,,27
831,Alison,Ahlin,aahlinn2@icq.com,975-198-9658,527 Mifflin Alley,Puerto Galera,Philippines,5203,488
832,Haslett,Galliard,hgalliardn3@hud.gov,548-127-2601,358 Waxwing Place,Unity,Canada,J8R,613
833,Moyra,Gillie,mgillien4@bloglines.com,103-487-7819,06 New Castle Terrace,Tocumen,Panama,,34
834,Son,Cragoe,scragoen5@google.pl,436-547-4964,16027 Prairie Rose Terrace,Oyam,Uganda,,535
835,Mannie,Hailwood,mhailwoodn6@dion.ne.jp,106-896-6303,7494 Rockefeller Trail,Stockholm,Sweden,113 39,309
836,Allison,Robrow,arobrown7@reference.com,461-208-0103,76 Rowland Circle,Kepuh,Indonesia,,875
837,Rosabella,McCambridge,rmccambridgen8@nih.gov,998-143-6084,68338 Tony Pass,Talcahuano,Chile,,441
838,Bary,Shapland,bshaplandn9@tinypic.com,557-531-6874,47 Southridge Pass,Cimo de Vila,Portugal,4950-081,522
839,Jerri,Lockery,jlockeryna@dagondesign.com,688-243-4749,76 Anzinger Parkway,Jiangshan,China,,687
840,Isabel,Thirwell,ithirwellnb@latimes.com,764-103-6913,3831 Sauthoff Road,Majennang,Indonesia,,132
841,Korie,Swanbourne,kswanbournenc@google.fr,985-231-1113,3 Gerald Point,Cholet,France,49309 CEDEX,932
842,Hasty,Bernt,hberntnd@usda.gov,743-300-1684,5659 Butterfield Crossing,Cagwait,Philippines,8304,176
843,Jodi,Allwood,jallwoodne@networkadvertising.org,408-663-9102,387 Hayes Circle,Qiaochong,China,,505
844,Abdel,Laverty,alavertynf@cnn.com,545-459-6780,59601 Fieldstone Pass,Daweishan,China,,145
845,Wade,Esslement,wesslementng@yahoo.co.jp,650-110-8698,903 Talisman Trail,Mogapi,Botswana,,634
846,Sigismund,Berthod,sberthodnh@over-blog.com,753-380-9544,942 Blackbird Way,Vila Chã do Monte,Portugal,3510-868,100
847,Dasha,Muldoon,dmuldoonni@answers.com,765-210-1641,4 Macpherson Terrace,Nicolet,Canada,J3T,196
848,Lyle,Phifer,lphifernj@washington.edu,644-515-0086,4 Pepper Wood Drive,Diriamba,Nicaragua,,842
849,Barbabra,Edgcumbe,bedgcumbenk@ted.com,607-356-7352,7332 Memorial Center,Busuanga,Philippines,5317,424
850,Fan,Gymlett,fgymlettnl@blinklist.com,285-199-7149,4 Pepper Wood Center,Prantaan,Indonesia,,101
851,Chloette,Tidmarsh,ctidmarshnm@over-blog.com,831-512-5462,8724 Everett Plaza,Maroúsi,Greece,,425
852,Solomon,Dicks,sdicksnn@yahoo.co.jp,761-558-2642,5807 Tennyson Terrace,Sandakan,Malaysia,90716,994
853,Jeramey,Wharmby,jwharmbyno@sciencedirect.com,962-495-3451,89999 4th Trail,Caherconlish,Ireland,F45,761
854,Crissie,O' Hern,cohernnp@dot.gov,844-946-0113,5765 Almo Avenue,Ngluwuk,Indonesia,,5
855,Nealy,Witherbed,nwitherbednq@blogs.com,493-696-6744,787 Hoffman Junction,Karlskrona,Sweden,371 84,151
856,Sanson,McGeaney,smcgeaneynr@lulu.com,136-135-6097,10 Walton Street,Hannover,Germany,30167,751
857,Riley,Brimm,rbrimmns@zdnet.com,215-315-6403,3447 Sullivan Plaza,Qincheng,China,,102
858,Johann,Humbee,jhumbeent@google.pl,756-435-4339,2 Pennsylvania Parkway,Wonopringgo,Indonesia,,302
859,Gae,Black,gblacknu@scribd.com,846-998-3648,570 Green Ridge Alley,Hengqu,China,,910
860,Maurits,Valentetti,mvalentettinv@twitpic.com,539-912-6767,43 Hoepker Lane,Kainantu,Papua New Guinea,,827
861,Kristi,Rate,kratenw@istockphoto.com,571-270-8586,22210 Rowland Center,Gyumri,Armenia,,513
862,Bryana,Grigoletti,bgrigolettinx@nifty.com,380-393-9620,7 Arizona Pass,Kagawasan,Philippines,7036,572
863,Roderigo,Key,rkeyny@nymag.com,595-823-9652,63732 Ryan Junction,Bara Datu,Indonesia,,72
864,Richmound,Bycraft,rbycraftnz@sina.com.cn,890-514-8121,69872 Oxford Lane,Jeremoabo,Brazil,48540-000,993
865,Beverie,Oehme,boehmeo0@scientificamerican.com,439-817-2741,361 Oak Plaza,Mariano Moreno,Argentina,8357,914
866,Ariela,McCormick,amccormicko1@archive.org,476-875-9716,0794 Banding Park,Mabini,Philippines,6313,899
867,Jasmine,Le Jean,jlejeano2@biblegateway.com,318-886-1756,6422 Monica Way,Chaowai,China,,544
868,Farr,Gheraldi,fgheraldio3@google.es,822-735-9133,50 Cody Way,Skerries,Ireland,K34,867
869,Rudy,Ingrey,ringreyo4@ucsd.edu,287-721-9741,3 Sage Drive,Gannan,China,,60
870,Xena,Perkins,xperkinso5@irs.gov,667-640-2267,8418 Bunting Trail,Tando Jām,Pakistan,70051,277
871,Gwynne,Hosburn,ghosburno6@cargocollective.com,155-495-8092,5 Butterfield Avenue,Karlskrona,Sweden,371 84,228
872,Sunshine,Tinkler,stinklero7@comcast.net,164-279-0443,5 Hoepker Crossing,Medina,Brazil,39620-000,181
873,Jaquenette,Cadney,jcadneyo8@auda.org.au,901-815-1012,9 Dakota Park,Memphis,United States,38188,638
874,Wilie,Seacombe,wseacombeo9@walmart.com,398-163-6947,43914 Eagan Avenue,Guanshan,China,,619
875,Brod,Elener,beleneroa@cocolog-nifty.com,636-846-9751,0155 Farragut Avenue,Outeiro de Polima,Portugal,2785-505,192
876,Roxanna,Wibrow,rwibrowob@yellowpages.com,412-384-4148,9091 Hauk Center,Pittsburgh,United States,15240,30
877,Katya,Smitten,ksmittenoc@globo.com,294-542-9285,9 Riverside Pass,Pawak,Philippines,9713,828
878,Llywellyn,Creddon,lcreddonod@spotify.com,734-119-9226,88074 Sherman Hill,Placer,Philippines,8405,673
879,Delilah,Latey,dlateyoe@tinyurl.com,693-999-6430,141 Norway Maple Circle,Chiba,Japan,427-0001,135
880,Janetta,Rowes,jrowesof@reuters.com,930-789-1023,35251 Summerview Avenue,Shimodate,Japan,309-1127,778
881,Lyndsay,Prettejohns,lprettejohnsog@howstuffworks.com,105-670-4978,856 Oriole Center,Khāndbāri,Nepal,,816
882,Aindrea,Newby,anewbyoh@buzzfeed.com,911-103-3664,43388 Maple Avenue,Fermont,Canada,J1E,947
883,Murdoch,Staniford,mstanifordoi@mac.com,808-576-4294,495 Hanson Street,Colombes,France,92715 CEDEX,928
884,Maxie,Endecott,mendecottoj@instagram.com,856-428-1568,35580 Oakridge Alley,San Pedro,Philippines,4023,922
885,Alexine,Carreyette,acarreyetteok@bloglines.com,635-457-3673,32388 Anniversary Trail,Mikulčice,Czech Republic,696 19,137
886,Dawn,O'Grogane,dogroganeol@people.com.cn,950-222-5280,602 Warner Parkway,Kävlinge,Sweden,244 24,981
887,Caryl,Ogborn,cogbornom@netvibes.com,560-307-7350,01935 Nelson Junction,Huotian,China,,653
888,Selina,Wollard,swollardon@com.com,917-612-9831,8 Fisk Alley,Angers,France,49023 CEDEX 02,854
889,Stevie,Dunsmore,sdunsmoreoo@hc360.com,129-132-9207,38056 Sommers Junction,San Javier,Uruguay,,758
890,Vasilis,Veel,vveelop@cisco.com,607-794-5079,16966 Golf View Place,Betong,Thailand,95110,383
891,Gus,Kaiser,gkaiseroq@youtube.com,635-945-3557,7162 Anhalt Terrace,Conima,Peru,,150
892,Kris,Joiner,kjoineror@youtube.com,470-819-0076,6176 West Way,Lantian,China,,701
893,Madonna,Shannon,mshannonos@chicagotribune.com,216-227-1264,17809 Prentice Street,Tumen,China,,613
894,Anselm,Janney,ajanneyot@microsoft.com,384-337-8498,8411 Dawn Drive,Karinë,Albania,,256
895,Rourke,Harrigan,rharriganou@cpanel.net,785-597-4902,1549 Shelley Avenue,Lagodekhi,Georgia,,863
896,Ulla,Crafts,ucraftsov@xinhuanet.com,233-849-4044,684 Shopko Place,Lokolande,Indonesia,,932
897,Carlita,Friedank,cfriedankow@yellowbook.com,728-357-6588,15 Ludington Way,Centenario,Argentina,8309,208
898,Rebe,Girardi,rgirardiox@so-net.ne.jp,923-892-0101,339 Carey Park,Bacnar,Philippines,7010,844
899,Merci,Payton,mpaytonoy@opera.com,366-520-7466,41712 Alpine Avenue,Balakhta,Russia,662340,544
900,Demetra,Bolmann,dbolmannoz@ovh.net,471-498-3645,7227 Basil Alley,Beringovskiy,Russia,442379,915
901,Raviv,Ravenhills,rravenhillsp0@apple.com,166-425-6365,5 Haas Crossing,Paucarcolla,Peru,,967
902,Conney,Samudio,csamudiop1@1688.com,135-734-7292,806 Debs Plaza,Arruda dos Vinhos,Portugal,2630-115,642
903,Dedra,Abbe,dabbep2@tripod.com,965-365-5823,209 Westend Junction,Subusub,Philippines,4210,305
904,Dominique,Metzing,dmetzingp3@sitemeter.com,507-631-6688,50 Park Meadow Lane,Enshi,China,,68
905,Terri,Buggy,tbuggyp4@cam.ac.uk,205-824-5933,3 Mendota Trail,Birmingham,United States,35244,392
906,Dylan,Merida,dmeridap5@google.com.br,832-215-0609,2 Vidon Hill,Kastornoye,Russia,306700,328
907,Robbyn,Tomasino,rtomasinop6@ft.com,353-368-6486,7088 Arizona Crossing,Luar,Indonesia,,643
908,Julie,Gard,jgardp7@printfriendly.com,603-647-0311,76 Nancy Alley,Lampitak,Philippines,1253,733
909,Leland,Standering,lstanderingp8@prweb.com,650-630-0879,36 Arkansas Avenue,Ráquira,Colombia,153809,291
910,Elmore,Redhouse,eredhousep9@fc2.com,970-168-1081,8375 Sage Junction,Potoru,Sierra Leone,,810
911,Sigrid,Randle,srandlepa@artisteer.com,267-258-6426,97331 School Court,Juzhen,China,,623
912,Dimitry,Gee,dgeepb@wikimedia.org,614-585-3124,89 Del Mar Avenue,Columbus,United States,43240,414
913,Emmit,Durtnel,edurtnelpc@amazon.co.jp,700-693-3159,39 Chive Park,Kolyshley,Russia,442830,8
914,Jaimie,Phethean,jphetheanpd@harvard.edu,882-814-5014,21 Reinke Trail,Cosne-Cours-sur-Loire,France,58209 CEDEX,877
915,Field,Odam,fodampe@timesonline.co.uk,996-296-1361,4 Drewry Crossing,Proletarsk,Russia,347554,867
916,Mil,Simla,msimlapf@sakura.ne.jp,868-976-9103,881 Bartillon Park,Stockholm,Sweden,113 39,708
917,Arv,Glazyer,aglazyerpg@blinklist.com,900-658-4266,1 Heath Circle,Waishan,China,,918
918,Richie,Durden,rdurdenph@cnbc.com,864-251-9595,87 Rutledge Alley,Russkaya Polyana,Russia,646780,101
919,Jodi,Huyge,jhuygepi@quantcast.com,429-160-9164,343 Dwight Place,Cocieri,Moldova,MD-4571,924
920,Dino,Roseveare,drosevearepj@mozilla.org,499-331-2292,9435 Reinke Point,Khrenovoye,Russia,397743,930
921,Abran,Ghidini,aghidinipk@etsy.com,118-532-3253,93 Bluestem Drive,Kolochava,Ukraine,,77
922,Trey,Hultberg,thultbergpl@bloglovin.com,982-949-1882,3 Anzinger Crossing,Guomaying,China,,860
923,Kellen,Sealove,ksealovepm@rambler.ru,362-945-1614,0 Steensland Circle,Sertolovo,Russia,197758,984
924,Harriott,De Freitas,hdefreitaspn@macromedia.com,857-990-8376,97796 Holmberg Parkway,Siayan,Philippines,7113,900
925,Jehanna,Genge,jgengepo@blogtalkradio.com,281-889-1210,9 Anzinger Court,Dorogobuzh,Russia,307602,181
926,Care,Whitley,cwhitleypp@biglobe.ne.jp,248-114-2130,18779 Brentwood Street,Józefów,Poland,24-340,496
927,Sidonnie,Kissick,skissickpq@reverbnation.com,622-929-1679,7 Rieder Crossing,Al Maţarīyah,Egypt,,598
928,Kissie,Hammerson,khammersonpr@discovery.com,488-413-1335,2 Fairfield Lane,Barabedang,Indonesia,,265
929,Clair,Ballentime,cballentimeps@bloglines.com,735-945-3595,312 Clove Center,Shanlian,China,,805
930,Wilie,Greatbank,wgreatbankpt@weather.com,361-672-8242,3 Declaration Court,Bordeaux,France,33026 CEDEX,940
931,Ernesto,Cushworth,ecushworthpu@trellian.com,777-590-8075,5893 Crownhardt Circle,Tamorong,Philippines,2706,370
932,Donna,Jensen,djensenpv@bravesites.com,250-784-4844,81 Declaration Way,Pazin,Croatia,52000,578
933,Grata,Paeckmeyer,gpaeckmeyerpw@naver.com,306-381-5585,434 Golden Leaf Junction,Bradag,Indonesia,,150
934,Alic,Hardaway,ahardawaypx@jugem.jp,648-532-1251,6096 Messerschmidt Junction,Xintian,China,,241
935,Casey,Carayol,ccarayolpy@weibo.com,979-449-3677,42694 Lighthouse Bay Drive,Bryan,United States,77806,790
936,Morton,Argent,margentpz@nature.com,950-568-8816,51554 Mccormick Terrace,Słupno,Poland,09-472,520
937,Welsh,Garvey,wgarveyq0@liveinternet.ru,829-192-2636,0148 Cambridge Point,Kauhava,Finland,62201,795
938,Gavrielle,Hatherley,ghatherleyq1@illinois.edu,247-177-6188,3 Mitchell Crossing,Uppsala,Sweden,757 59,459
939,Eolanda,Jakeway,ejakewayq2@cocolog-nifty.com,573-579-1239,0449 Clyde Gallagher Pass,Tutul,Indonesia,,921
940,Walden,Le Gallo,wlegalloq3@bandcamp.com,676-919-3203,3474 Heffernan Court,Tlučná,Czech Republic,330 26,363
941,Becki,Corteney,bcorteneyq4@thetimes.co.uk,393-295-7223,74 Crest Line Lane,Qinhe,China,,178
942,Brittney,Grieswood,bgrieswoodq5@ovh.net,613-344-4222,17049 Merchant Crossing,Rizal,Philippines,7104,74
943,Anna-maria,Pillinger,apillingerq6@nature.com,891-999-5829,70 Ruskin Lane,Balas,Philippines,2007,306
944,Bryon,Michele,bmicheleq7@jigsy.com,785-412-6153,917 Clemons Point,Przemyśl,Poland,37-720,980
945,Kathi,Grzesiewicz,kgrzesiewiczq8@ucoz.ru,222-408-6452,318 Monterey Alley,Glogovac,Kosovo,,709
946,Von,Beves,vbevesq9@nasa.gov,932-893-9321,040 Sutteridge Crossing,Tampere,Finland,33901,377
947,Annadiane,Donohue,adonohueqa@cnn.com,544-305-6172,422 Esker Road,Cairo,Egypt,,213
948,Shandie,Starbucke,sstarbuckeqb@psu.edu,993-924-0321,943 Heffernan Circle,Nakhon Luang,Thailand,13260,692
949,Mauricio,Smalcombe,msmalcombeqc@nih.gov,794-311-5822,58566 Dahle Street,Berezanka,Ukraine,,302
950,Lulu,Babbidge,lbabbidgeqd@bravesites.com,954-914-4331,96 Farwell Place,Franceville,Gabon,,936
951,Emma,Georg,egeorgqe@ftc.gov,940-672-5995,729 Glendale Place,Zungeru,Nigeria,,151
952,Lola,Solley,lsolleyqf@dot.gov,652-955-5254,72 North Lane,Yanas,Peru,,844
953,Tessa,Guidi,tguidiqg@nyu.edu,856-818-0189,001 Sheridan Crossing,Stockholm,Sweden,117 68,995
954,Lanita,Burkill,lburkillqh@va.gov,711-261-7465,9 Farmco Road,Bajo Pichanaqui,Peru,,445
955,Raf,Bonifant,rbonifantqi@apple.com,281-602-0398,7764 Maryland Street,Saharna,Moldova,MD-5431,152
956,Kriste,Hardington,khardingtonqj@washingtonpost.com,548-501-8457,192 Main Street,Bella Vista,Dominican Republic,10112,195
957,Shirl,Tinmouth,stinmouthqk@oaic.gov.au,766-711-6621,862 Sachs Alley,Pateros,Philippines,1930,733
958,Doralynn,Baughan,dbaughanql@qq.com,450-128-6580,159 Green Crossing,Nyíregyháza,Hungary,4404,719
959,Reube,Darque,rdarqueqm@oracle.com,434-699-4137,4413 Golf Course Terrace,Volodymyrets’,Ukraine,,330
960,Lind,Spark,lsparkqn@icq.com,202-145-4597,8 Southridge Hill,Dangshun,China,,932
961,Mandy,Edgin,medginqo@dagondesign.com,206-388-3070,8535 Eliot Junction,Junbu,China,,926
962,Goran,Stuther,gstutherqp@pcworld.com,775-730-5095,18167 Hagan Crossing,Dobryatino,Russia,601580,338
963,Krystalle,O'Rafferty,koraffertyqq@disqus.com,665-325-0672,4 Fulton Place,Binonga,Philippines,6116,463
964,Heinrik,Maskelyne,hmaskelyneqr@g.co,417-309-3159,8165 School Park,Pau,France,64058 CEDEX 9,445
965,Maybelle,Kalinsky,mkalinskyqs@dyndns.org,623-768-6150,0 Pearson Drive,Zhanxu,China,,957
966,Emery,Carnilian,ecarnilianqt@godaddy.com,273-383-6085,6 Morrow Point,Capitán Bermúdez,Argentina,2156,328
967,Bank,Egan,beganqu@mit.edu,708-577-2473,1 Bunker Hill Circle,Berlin,Germany,14199,498
968,Davita,Kitcat,dkitcatqv@washington.edu,495-344-7396,72 Scott Park,Biên Hòa,Vietnam,,37
969,Jacky,Kefford,jkeffordqw@hao123.com,231-822-2096,7 Pearson Center,Gromnik,Poland,33-180,151
970,Chen,Bonde,cbondeqx@tripod.com,935-816-1801,2 Mifflin Drive,Kaišiadorys,Lithuania,56001,934
971,Quincy,Becks,qbecksqy@blog.com,902-848-1981,1320 Loomis Court,Fenoarivo Be,Madagascar,,339
972,Alissa,Dougherty,adoughertyqz@cdbaby.com,682-517-6317,0971 Loftsgordon Way,Khirbat Tīn Nūr,Syria,,43
973,Claire,Sharplin,csharplinr0@theglobeandmail.com,512-475-2014,94715 Hollow Ridge Terrace,Karanganyar,Indonesia,,186
974,Lowrance,Lebang,llebangr1@wiley.com,350-817-3697,9331 Kenwood Court,Getafe,Spain,28904,838
975,Lynsey,Saddler,lsaddlerr2@google.com.hk,542-836-6043,724 Dawn Crossing,Horní Lideč,Czech Republic,756 12,604
976,Tripp,Ruos,truosr3@yellowbook.com,507-790-1805,9064 Mifflin Avenue,Zhuyeping,China,,278
977,Elvera,Pendre,ependrer4@zdnet.com,590-387-2325,31 Kensington Circle,Bantuanon,Philippines,6311,859
978,Waverley,Kerfod,wkerfodr5@utexas.edu,743-269-1559,1 Shelley Road,Klimontów,Poland,32-112,510
979,Bibbye,Symmons,bsymmonsr6@senate.gov,472-591-3010,348 Morrow Lane,Mateus Leme,Brazil,35670-000,286
980,Margery,Geillier,mgeillierr7@tumblr.com,618-624-9623,1841 Moose Drive,Huangtu,China,,25
981,Marika,Nouch,mnouchr8@paypal.com,311-302-1082,681 Hanson Park,Babakanloa,Indonesia,,23
982,Dulcea,MacEveley,dmaceveleyr9@moonfruit.com,865-118-7341,049 Butterfield Junction,Paris 11,France,75522 CEDEX 11,314
983,Cesya,Earle,cearlera@acquirethisname.com,557-689-9600,4 Dovetail Parkway,Västerås,Sweden,722 33,840
984,Felipe,Rowcastle,frowcastlerb@merriam-webster.com,470-115-3035,0 Farmco Trail,Vientiane,Laos,,362
985,Shanon,Venn,svennrc@netscape.com,458-514-9575,60096 Arkansas Park,Srpska Crnja,Serbia,,95
986,Kermit,Tunnow,ktunnowrd@buzzfeed.com,927-328-2422,260 Arkansas Lane,Ta’erqi,China,,717
987,Tibold,Ong,tongre@fotki.com,786-907-7984,4 Old Shore Hill,Algés,Portugal,1495-005,937
988,Tiena,Kaine,tkainerf@flavors.me,655-780-2594,4021 Marcy Plaza,União dos Palmares,Brazil,57800-000,140
989,Merrill,Errey,merreyrg@bluehost.com,720-637-1325,7 Amoth Circle,Littleton,United States,80126,206
990,Melisa,Peabody,mpeabodyrh@biglobe.ne.jp,413-256-4531,7 Delaware Pass,Gelan,China,,295
991,Raymund,Brownhall,rbrownhallri@ehow.com,266-765-3380,3478 Golf View Terrace,Qiandian,China,,818
992,Allister,Caudray,acaudrayrj@va.gov,240-945-4363,7254 Myrtle Point,Naryn,Kyrgyzstan,,2
993,Dulcea,Yven,dyvenrk@yellowpages.com,556-300-1601,979 Orin Place,Naushki,Russia,671820,509
994,Denney,Pleven,dplevenrl@vinaora.com,909-348-0010,6 Susan Terrace,Achiaman,Ghana,,430
995,Kary,Thorold,kthoroldrm@marriott.com,839-176-0561,1 Talisman Circle,Ivanivka,Ukraine,,801
996,Marty,Strettell,mstrettellrn@nsw.gov.au,138-998-4158,53 Sundown Way,Venda Nova,Portugal,2970-841,512
997,Craggie,Yeats,cyeatsro@so-net.ne.jp,501-930-3224,0152 8th Trail,Bulls,New Zealand,4894,812
998,Ilise,Collop,icolloprp@gmpg.org,211-988-8389,49422 Scott Drive,Bocowanti,Indonesia,,323
999,Jerrylee,Jeppensen,jjeppensenrq@apache.org,906-751-1038,5 Bowman Hill,Skópelos,Greece,,761
1000,Domenic,Waeland,dwaelandrr@berkeley.edu,705-591-4308,3900 Rutledge Alley,San Rafael,Philippines,5039,301
